[
  {
    "symbol": "ABBOT",
    "company": "Abbott Laboratories (Pakistan) Limited"
  },
  {
    "symbol": "AICL",
    "company": "Adamjee Insurance Company Limited"
  },
  {
    "symbol": "AGL",
    "company": "Agriauto Industries Limited"
  },
  {
    "symbol": "AGP",
    "company": "AGP Limited"
  },
  {
    "symbol": "AKBL",
    "company": "Askari Bank Limited"
  },
  {
    "symbol": "ALAC",
    "company": "Atlas Battery Limited"
  },
  {
    "symbol": "ANL",
    "company": "Azgard Nine Limited"
  },
  {
    "symbol": "APL",
    "company": "Attock Petroleum Limited"
  },
  {
    "symbol": "ATLH",
    "company": "Atlas Honda Limited"
  },
  {
    "symbol": "ATRL",
    "company": "Attock Refinery Limited"
  },
  {
    "symbol": "BAFL",
    "company": "Bank Alfalah Limited"
  },
  {
    "symbol": "BAHL",
    "company": "Bank Al-Habib Limited"
  },
  {
    "symbol": "BATA",
    "company": "Bata Pakistan Limited"
  },
  {
    "symbol": "BOP",
    "company": "The Bank of Punjab"
  },
  {
    "symbol": "BWCL",
    "company": "Bestway Cement Limited"
  },
  {
    "symbol": "BYCO",
    "company": "Cnergyico PK Limited (Formerly Byco Petroleum)"
  },
  {
    "symbol": "CHCC",
    "company": "Cherat Cement Company Limited"
  },
  {
    "symbol": "CNERGY",
    "company": "Cnergyico PK Limited"
  },
  {
    "symbol": "COLG",
    "company": "Colgate-Palmolive (Pakistan) Limited"
  },
  {
    "symbol": "DAWH",
    "company": "Dawood Hercules Corporation Limited"
  },
  {
    "symbol": "DGKC",
    "company": "D. G. Khan Cement Company Limited"
  },
  {
    "symbol": "EFUG",
    "company": "EFU General Insurance Limited"
  },
  {
    "symbol": "ENGRO",
    "company": "Engro Corporation Limited"
  },
  {
    "symbol": "EFERT",
    "company": "Engro Fertilizers Limited"
  },
  {
    "symbol": "FFBL",
    "company": "Fauji Fertilizer Bin Qasim Limited"
  },
  {
    "symbol": "FFC",
    "company": "Fauji Fertilizer Company Limited"
  },
  {
    "symbol": "FABL",
    "company": "Faysal Bank Limited"
  },
  {
    "symbol": "FML",
    "company": "Fauji Foods Limited"
  },
  {
    "symbol": "GATM",
    "company": "Gul Ahmed Textile Mills Limited"
  },
  {
    "symbol": "GHGL",
    "company": "Ghani Global Holdings Limited"
  },
  {
    "symbol": "GLAXO",
    "company": "GlaxoSmithKline Pakistan Limited"
  },
  {
    "symbol": "HBL",
    "company": "Habib Bank Limited"
  },
  {
    "symbol": "HMB",
    "company": "Habib Metropolitan Bank Limited"
  },
  {
    "symbol": "HASCOL",
    "company": "Hascol Petroleum Limited"
  },
  {
    "symbol": "HUBC",
    "company": "The Hub Power Company Limited"
  },
  {
    "symbol": "IBFL",
    "company": "International Brands Limited"
  },
  {
    "symbol": "ILP",
    "company": "Interloop Limited"
  },
  {
    "symbol": "INDU",
    "company": "Indus Motor Company Limited"
  },
  {
    "symbol": "INIL",
    "company": "International Industries Limited"
  },
  {
    "symbol": "ISIL",
    "company": "International Steels Limited"
  },
  {
    "symbol": "Javedan",
    "company": "Javedan Corporation Limited"
  },
  {
    "symbol": "KEL",
    "company": "K-Electric Limited"
  },
  {
    "symbol": "KTML",
    "company": "Kohinoor Textile Mills Limited"
  },
  {
    "symbol": "LOTCHEM",
    "company": "Lotte Chemical Pakistan Limited"
  },
  {
    "symbol": "LUCK",
    "company": "Lucky Cement Limited"
  },
  {
    "symbol": "MCB",
    "company": "MCB Bank Limited"
  },
  {
    "symbol": "MEBL",
    "company": "Meezan Bank Limited"
  },
  {
    "symbol": "MUREB",
    "company": "Murree Brewery Company Limited"
  },
  {
    "symbol": "MARI",
    "company": "Mari Petroleum Company Limited"
  },
  {
    "symbol": "NBP",
    "company": "National Bank of Pakistan"
  },
  {
    "symbol": "NESTLE",
    "company": "Nestle Pakistan Limited"
  },
  {
    "symbol": "NML",
    "company": "Nishat Mills Limited"
  },
  {
    "symbol": "OGDC",
    "company": "Oil & Gas Development Company Limited"
  },
  {
    "symbol": "PAEL",
    "company": "Pak Elektron Limited"
  },
  {
    "symbol": "PGBL",
    "company": "Packages Limited"
  },
  {
    "symbol": "PIBTL",
    "company": "Pakistan International Bulk Terminal Limited"
  },
  {
    "symbol": "PPL",
    "company": "Pakistan Petroleum Limited"
  },
  {
    "symbol": "POL",
    "company": "Pakistan Oilfields Limited"
  },
  {
    "symbol": "PSO",
    "company": "Pakistan State Oil Company Limited"
  },
  {
    "symbol": "PSEL",
    "company": "Pakistan Services Limited"
  },
  {
    "symbol": "PTC",
    "company": "Pakistan Telecommunication Company Limited"
  },
  {
    "symbol": "RAFHAN",
    "company": "Rafhan Maize Products Company Limited"
  },
  {
    "symbol": "SEARL",
    "company": "The Searle Company Limited"
  },
  {
    "symbol": "SGABL",
    "company": "Shabbir Tiles & Ceramics Limited"
  },
  {
    "symbol": "SNGP",
    "company": "Sui Northern Gas Pipelines Limited"
  },
  {
    "symbol": "SYS",
    "company": "Systems Limited"
  },
  {
    "symbol": "TRG",
    "company": "TRG Pakistan Limited"
  },
  {
    "symbol": "UPFL",
    "company": "Unity Foods Limited"
  },
  {
    "symbol": "UBL",
    "company": "United Bank Limited"
  },
  {
    "symbol": "UNITY",
    "company": "Unity Foods Limited"
  },
  {
    "symbol": "PAKT",
    "company": "Pakistan Tobacco Company Limited"
  },
  {
    "symbol": "FHAM",
    "company": "Faysal Halal Amdani Fund"
  },
  {
    "symbol": "SCBPL",
    "company": "Standard Chartered Bank (Pakistan) Limited"
  }
]
