record_identifier,symbol_code,market_code,symbol_state,symbol_flag,bid_volume,bid_price,ask_price,ask_volume,last_trade_price,last_trade_volume,last_trade_time,last_day_close_price,symbol_direction,average_price,high_price,low_price,net_change,total_traded_volume,total_trades,open_price,timestamp
FEED,786,REG,E0,"",0,0,0,0,9.51,8,,9.16,,432228.69,9.8,8.71,0.35,45329,75,8.72,2025-01-15 15:50:00
FEED,AABS,REG,E0,"",0,0,0,0,723.43,1,,719.86,,232910.0,740.0,720.0,3.57,319,45,735.0,2025-01-15 15:50:00
FEED,AAL,REG,E1,"",0,0,0,0,16.0,0,,16.0,,0.0,,,,0,0,,2025-01-15 15:50:00
FEED,AASM,REG,E1,"",0,0,0,0,3.49,0,,3.49,,0.0,,,,0,0,,2025-01-15 15:50:00
FEED,AATM,REG,E0,"",0,0,0,0,50.08,50,,53.15,,3408476.75,53.0,47.84,-3.07,69253,341,53.0,2025-01-15 15:50:00
FEED,ABL,REG,E0,"",0,0,0,0,137.7,5,,136.99,,1398194.97,137.94,135.01,0.71,10253,72,137.0,2025-01-15 15:50:00
FEED,ABOT,REG,E0,"",0,0,0,0,1299.5,3,,1251.74,,224667090.34,1310.0,1243.0,47.76,172879,623,1269.0,2025-01-15 15:50:00
FEED,ABSON,REG,E1,"",0,0,0,0,2.5,0,,2.5,,0.0,,,,0,0,,2025-01-15 15:50:00
FEED,ACIETF,REG,E0,"",0,0,0,0,14.94,500,,14.58,,87630.0,14.94,14.5,0.36,6000,9,14.5,2025-01-15 15:50:00
FEED,ACPL,REG,E0,"",0,0,0,0,224.25,200,,228.61,,144972517.22,233.3,222.01,-4.36,638496,1082,229.69,2025-01-15 15:50:00
FEED,ADAMS,REG,E0,"",0,0,0,0,52.71,5,,55.0,,232578.23,55.49,51.02,-2.29,4410,48,55.0,2025-01-15 15:50:00
FEED,ADMM,REG,E0,"",0,0,0,0,46.46,5,,46.75,,2379292.1,47.5,46.33,-0.29,50636,74,46.9,2025-01-15 15:50:00
FEED,AGHA,REG,E0,"",0,0,0,0,10.71,250,,10.5,,14796792.0,10.79,10.5,0.21,1385707,642,10.6,2025-01-15 15:50:00
FEED,AGIC,REG,E0,"",0,0,0,0,30.05,827,,30.64,,33165.17,31.48,30.05,-0.59,1097,9,31.48,2025-01-15 15:50:00
FEED,AGIL,REG,E0,"",0,0,0,0,104.57,8,,103.84,,54054.39,104.99,99.75,0.73,519,17,104.98,2025-01-15 15:50:00
FEED,AGL,REG,E0,"",0,0,0,0,38.71,200,,37.76,,8250458.19,39.0,37.5,0.95,214968,227,37.74,2025-01-15 15:50:00
FEED,AGLNCPS,REG,E0,"",0,0,0,0,22.0,0,,22.0,,0.0,,,,0,0,,2025-01-15 15:50:00
FEED,AGP,REG,E0,"",0,0,0,0,184.74,719,,174.41,,347740432.61,191.85,172.06,10.33,1858466,3127,175.3,2025-01-15 15:50:00
FEED,AGSML,REG,E0,"",0,0,0,0,6.45,7000,,6.31,,137972.14,6.5,6.02,0.14,21910,38,6.21,2025-01-15 15:50:00
FEED,AGTL,REG,E0,"",0,0,0,0,657.42,10,,657.24,,14802156.9,681.0,651.5,0.18,22135,273,665.0,2025-01-15 15:50:00
FEED,AHCL,REG,E0,"",0,0,0,0,68.0,1000,,67.08,,13441948.86,68.9,67.08,0.92,197875,154,67.08,2025-01-15 15:50:00
FEED,AHL,REG,E0,"",0,0,0,0,60.96,5100,,55.42,,61309620.93,60.96,56.0,5.54,1021514,576,56.0,2025-01-15 15:50:00
FEED,AHTM,REG,E0,"",0,0,0,0,54.45,0,,54.45,,0.0,,,,0,0,,2025-01-15 15:50:00
FEED,AICL,REG,E0,"",0,0,0,0,50.59,1000,,51.63,,98453257.64,52.32,50.15,-1.04,1913209,905,51.69,2025-01-15 15:50:00
FEED,AIRLINK,REG,E0,"",0,0,0,0,205.81,100,,200.29,,1756190311.28,214.79,200.52,5.52,8437242,11773,201.69,2025-01-15 15:50:00
FEED,AKBL,REG,E0,"",0,0,0,0,39.35,4,,39.84,,28163503.41,40.29,39.07,-0.49,712228,331,40.29,2025-01-15 15:50:00
FEED,AKDHL,REG,E0,"",0,0,0,0,156.31,100,,162.04,,2403788.44,166.89,153.73,-5.73,14996,110,166.89,2025-01-15 15:50:00
FEED,AKDSL,REG,E0,"",0,0,0,0,22.33,4000,,22.15,,4898025.41,22.94,22.2,0.18,215794,144,22.48,2025-01-15 15:50:00
FEED,AKGL,REG,E0,"",0,0,0,0,37.97,1,,37.39,,22499.33,37.99,33.66,0.58,604,7,33.66,2025-01-15 15:50:00
FEED,ALAC,REG,E0,"",0,0,0,0,5.25,2500,,5.25,,13125.0,5.25,5.25,0.0,2500,1,5.25,2025-01-15 15:50:00
FEED,ALIFE,REG,E0,"",0,0,0,0,29.32,150,,29.98,,221089.38,29.96,29.02,-0.66,7496,22,29.02,2025-01-15 15:50:00
FEED,ALNRS,REG,E0,"",0,0,0,0,75.01,2,,75.01,,11627.92,76.01,76.0,0.0,151,8,76.0,2025-01-15 15:50:00
FEED,ALTN,REG,E0,"",0,0,0,0,20.04,2000,,19.85,,2996667.05,20.39,19.9,0.19,148956,215,19.96,2025-01-15 15:50:00
FEED,AMBL,REG,E0,"",0,0,0,0,9.53,19957,,10.01,,195986.5,10.0,9.5,-0.48,20546,6,10.0,2025-01-15 15:50:00
FEED,AMSL,REG,E1,"",0,0,0,0,0.62,0,,0.62,,0.0,,,,0,0,,2025-01-15 15:50:00
FEED,AMTEX,REG,E0,"",0,0,0,0,3.17,1,,3.21,,169290.33,3.35,3.13,-0.04,52776,54,3.35,2025-01-15 15:50:00
FEED,ANL,REG,E0,"",0,0,0,0,7.96,803,,8.14,,4080377.68,8.2,7.95,-0.18,503768,213,8.18,2025-01-15 15:50:00
FEED,ANLNV,REG,E0,"",0,0,0,0,7.0,0,,7.0,,0.0,,,,0,0,,2025-01-15 15:50:00
FEED,ANLPS,REG,E1,"",0,0,0,0,9.8,0,,9.8,,0.0,,,,0,0,,2025-01-15 15:50:00
FEED,ANNT,REG,E1,"",0,0,0,0,11.38,0,,11.38,,0.0,,,,0,0,,2025-01-15 15:50:00
FEED,ANSM,REG,E1,"",0,0,0,0,5.81,0,,5.81,,0.0,,,,0,0,,2025-01-15 15:50:00
FEED,ANTM,REG,E0,"",0,0,0,0,10.6,790,,10.73,,182663.9,11.8,10.55,-0.13,16144,30,11.8,2025-01-15 15:50:00
FEED,APL,REG,E0,"",0,0,0,0,513.96,10,,519.42,,21616833.08,545.0,506.02,-5.46,41690,411,524.0,2025-01-15 15:50:00
FEED,APOT,REG,E1,"",0,0,0,0,29.52,0,,29.52,,0.0,,,,0,0,,2025-01-15 15:50:00
FEED,ARCTM,REG,E0,"",0,0,0,0,20.99,3,,21.0,,10556.78,20.99,20.94,-0.01,503,4,20.95,2025-01-15 15:50:00
FEED,ARM,REG,PRE,"",0,0,0,0,27.9,0,,27.9,,0,,,,0,0,,2025-01-15 09:30:17
FEED,ARPAK,REG,E0,"",0,0,0,0,70.19,1,,70.19,,27100.99,76.0,72.99,0.0,405,5,76.0,2025-01-15 15:50:00
FEED,ARPL,REG,E0,"",0,0,0,0,445.09,40,,430.49,,3725086.03,445.8,436.0,14.6,8442,76,436.0,2025-01-15 15:50:00
FEED,ARUJ,REG,E0,"",0,0,0,0,8.95,1,,9.26,,108544.44,9.34,8.9,-0.31,12023,31,9.34,2025-01-15 15:50:00
FEED,ASC,REG,E0,"",0,0,0,0,7.14,20,,7.15,,1168608.14,7.21,7.11,-0.01,163161,125,7.2,2025-01-15 15:50:00
FEED,ASHT,REG,E0,"",0,0,0,0,13.3,734,,13.29,,13300.0,13.3,13.3,0.01,1000,3,13.3,2025-01-15 15:50:00
FEED,ASIC,REG,E0,"",0,0,0,0,13.51,0,,13.51,,0.0,,,,0,0,,2025-01-15 15:50:00
FEED,ASL,REG,E0,"",0,0,0,0,11.6,30,,11.74,,48743080.75,11.9,11.52,-0.14,4132674,726,11.85,2025-01-15 15:50:00
FEED,ASLCPS,REG,E0,"",0,0,0,0,20.17,0,,20.17,,0.0,,,,0,0,,2025-01-15 15:50:00
FEED,ASLPS,REG,E0,"",0,0,0,0,12.32,20,,12.32,,240.2,12.01,12.01,0.0,20,1,12.01,2025-01-15 15:50:00
FEED,ASTL,REG,E0,"",0,0,0,0,25.25,3897,,25.82,,4417138.49,26.1,25.1,-0.57,172986,163,26.0,2025-01-15 15:50:00
FEED,ASTM,REG,E0,"",0,0,0,0,16.38,500,,17.11,,157725.1,17.38,16.01,-0.73,9452,31,16.5,2025-01-15 15:50:00
FEED,ATBA,REG,E0,"",0,0,0,0,382.49,2,,384.69,,8593636.09,385.0,379.11,-2.2,22513,191,380.5,2025-01-15 15:50:01
FEED,ATIL,REG,E0,"",0,0,0,0,57.77,100,,58.0,,917360.64,58.0,56.55,-0.23,15977,39,56.55,2025-01-15 15:50:01
FEED,ATLH,REG,E0,"",0,0,0,0,793.65,40,,797.53,,9091340.68,809.99,792.0,-3.88,11397,322,800.0,2025-01-15 15:50:01
FEED,ATRL,REG,E0,"",0,0,0,0,655.9,50,,669.74,,1177692326.23,687.0,651.0,-13.84,1749073,6266,675.21,2025-01-15 15:50:01
FEED,AVN,REG,E0,"",0,0,0,0,57.83,500,,58.09,,111356254.95,59.43,57.69,-0.26,1901461,2225,58.69,2025-01-15 15:50:01
FEED,AWTX,REG,E0,"",0,0,0,0,1299.95,0,,1297.54,,0.0,,,,0,0,,2025-01-15 15:50:01
FEED,AZMT,REG,E1,"",0,0,0,0,9.95,0,,9.95,,0.0,,,,0,0,,2025-01-15 15:50:01
FEED,BAFL,REG,E0,"",0,0,0,0,83.68,4,,81.51,,30498755.79,84.5,82.0,2.17,365750,459,82.0,2025-01-15 15:50:01
FEED,BAFS,REG,E0,"",0,0,0,0,48.58,90,,48.58,,4336.8,53.4,47.0,0.0,92,2,53.4,2025-01-15 15:50:01
FEED,BAHL,REG,E0,"",0,0,0,0,134.07,100,,133.61,,46852453.78,135.5,133.0,0.46,349900,250,135.5,2025-01-15 15:50:01
FEED,BAPL,REG,E0,"",0,0,0,0,32.95,100,,34.0,,224114.56,34.0,32.85,-1.05,6788,30,33.5,2025-01-15 15:50:01
FEED,BATA,REG,E0,"",0,0,0,0,1969.43,1,,1950.99,,301909.27,1970.0,1940.0,18.44,154,20,1970.0,2025-01-15 15:50:01
FEED,BBFL,REG,E0,"",0,0,0,0,56.25,1000,,55.79,,173332507.03,57.51,55.3,0.46,3073333,1918,56.5,2025-01-15 15:50:01
FEED,BCL,REG,E0,"",0,0,0,0,124.8,100,,122.74,,11434815.09,129.39,123.0,2.06,90617,266,126.0,2025-01-15 15:50:01
FEED,BECO,REG,E0,"",0,0,0,0,8.71,4000,,8.33,,3663549.65,8.85,8.46,0.38,423272,258,8.46,2025-01-15 15:50:01
FEED,BELA,REG,E0,"",0,0,0,0,163.19,34,,163.4,,82444.3,171.0,163.0,-0.21,503,8,171.0,2025-01-15 15:50:01
FEED,BERG,REG,E0,"",0,0,0,0,98.12,247,,99.25,,5242458.19,101.69,98.0,-1.13,52537,213,100.9,2025-01-15 15:50:01
FEED,BFBIO,REG,E0,"",0,0,0,0,231.3,1000,,210.27,,682258362.75,231.3,219.89,21.03,2981826,3923,219.89,2025-01-15 15:50:01
FEED,BFMOD,REG,E0,"",0,0,0,0,7.5,1,,7.5,,36449.2,8.0,6.55,0.0,4978,19,6.55,2025-01-15 15:50:01
FEED,BGL,REG,E0,"",0,0,0,0,11.99,5590,,12.0,,3894073.16,12.27,11.92,-0.01,321813,218,12.1,2025-01-15 15:50:01
FEED,BHAT,REG,E0,"",0,0,0,0,850.0,40,,850.0,,85000.0,850.0,850.0,0.0,100,3,850.0,2025-01-15 15:50:01
FEED,BIFO,REG,E0,"",0,0,0,0,205.83,321,,212.59,,52737235.62,220.0,204.0,-6.76,248669,566,214.0,2025-01-15 15:50:01
FEED,BIIC,REG,E1,"",0,0,0,0,3.6,0,,3.6,,0.0,,,,0,0,,2025-01-15 15:50:01
FEED,BILF,REG,E0,"",0,0,0,0,14.7,800,,15.18,,734560.33,15.78,14.35,-0.48,49845,63,15.78,2025-01-15 15:50:01
FEED,BIPL,REG,E0,"",0,0,0,0,23.02,17,,23.24,,8533667.98,23.41,23.0,-0.22,367456,386,23.25,2025-01-15 15:50:01
FEED,BML,REG,E0,"",0,0,0,0,2.76,50000,,2.66,,13874759.77,2.8,2.61,0.1,5049615,437,2.71,2025-01-15 15:50:01
FEED,BNL,REG,E0,"",0,0,0,0,14.71,100,,14.77,,693330.13,14.95,14.5,-0.06,47041,73,14.5,2025-01-15 15:50:01
FEED,BNWM,REG,E0,"",0,0,0,0,36.35,200,,36.2,,644411.08,36.99,36.05,0.15,17725,53,36.5,2025-01-15 15:50:01
FEED,BOK,REG,E0,"",0,0,0,0,13.97,200,,14.02,,163737.67,14.41,13.65,-0.05,11817,27,14.41,2025-01-15 15:50:01
FEED,BOP,REG,E0,"",0,0,0,0,10.24,5000,,10.49,,130235470.57,10.63,10.2,-0.25,12518203,1964,10.63,2025-01-15 15:50:01
FEED,BPL,REG,E0,"",0,0,0,0,30.0,20,,30.0,,1210.0,30.25,30.25,0.0,40,2,30.25,2025-01-15 15:50:01
FEED,BRRG,REG,E0,"",0,0,0,0,22.05,576,,22.36,,426287.8,22.5,22.0,-0.31,19294,24,22.11,2025-01-15 15:50:01
FEED,BTL,REG,E0,"",0,0,0,0,339.98,100,,344.51,,1591829.61,350.0,320.05,-4.53,4685,12,349.9,2025-01-15 15:50:01
FEED,BUXL,REG,E0,"",0,0,0,0,167.11,5,,172.8,,1172844.97,174.0,165.01,-5.69,7004,64,169.0,2025-01-15 15:50:01
FEED,BWCL,REG,E0,"",0,0,0,0,343.96,5,,345.36,,2445250.71,346.99,331.0,-1.4,7116,224,343.12,2025-01-15 15:50:01
FEED,BWHL,REG,E0,"",0,0,0,0,148.95,1,,144.75,,1409713.45,150.0,143.5,4.2,9524,51,144.75,2025-01-15 15:50:01
FEED,CASH,REG,E0,"",0,0,0,0,31.75,1,,31.75,,123.5,31.5,29.1,0.0,4,3,31.5,2025-01-15 15:50:01
FEED,CCM,REG,E0,"",0,0,0,0,43.97,0,,43.97,,0.0,,,,0,0,,2025-01-15 15:50:01
FEED,CENI,REG,E0,"",0,0,0,0,38.99,0,,38.99,,0.0,,,,0,0,,2025-01-15 15:50:01
FEED,CEPB,REG,E0,"",0,0,0,0,30.39,1600,,30.26,,11680681.09,30.84,30.21,0.13,383006,208,30.47,2025-01-15 15:50:01
FEED,CFL,REG,E0,"",0,0,0,0,44.0,1000,,43.97,,374000.0,44.0,44.0,0.03,8500,4,44.0,2025-01-15 15:50:01
FEED,CHAS,REG,E0,"",0,0,0,0,68.1,5,,65.0,,44936.7,71.5,65.0,3.1,659,14,71.5,2025-01-15 15:50:01
FEED,CHBL,REG,E0,"",0,0,0,0,7.63,30,,7.9,,1997656.93,8.23,7.55,-0.27,259233,197,7.91,2025-01-15 15:50:01
FEED,CHCC,REG,E0,"",0,0,0,0,256.87,160,,262.01,,55261527.34,265.05,254.0,-5.14,211344,631,262.1,2025-01-15 15:50:01
FEED,CJPL,REG,E0,"",0,0,0,0,6.03,27,,6.34,,1105614.86,6.47,6.0,-0.31,179608,109,6.47,2025-01-15 15:50:01
FEED,CLCPS,REG,E0,"",0,0,0,0,3.46,1,,3.43,,233470.64,3.8,3.32,0.03,67779,93,3.5,2025-01-15 15:50:01
FEED,CLOUD,REG,PRE,"",0,0,0,0,62.85,500,,62.85,,62.85,62.85,62.85,-6.98,81957,106,62.85,2025-01-15 09:30:53
FEED,CLOV,REG,E0,"",0,0,0,0,52.54,2500,,52.82,,12485028.03,53.99,52.3,-0.28,236037,423,53.99,2025-01-15 15:50:01
FEED,CLVL,REG,E0,"",0,0,0,0,17.0,1,,16.24,,875714.11,17.6,15.66,0.76,52823,188,16.5,2025-01-15 15:50:01
FEED,CNERGY,REG,E0,"",0,0,0,0,7.06,1000,,7.21,,312009445.53,7.35,7.02,-0.15,43218561,6666,7.25,2025-01-15 15:50:01
FEED,COLG,REG,E0,"",0,0,0,0,1494.59,55,,1491.38,,9563190.29,1499.0,1431.11,3.21,6433,370,1491.0,2025-01-15 15:50:01
FEED,CPHL,REG,E0,"",0,0,0,0,70.82,100,,66.63,,984564957.69,71.5,68.02,4.19,14000265,9813,68.5,2025-01-15 15:50:01
FEED,CPPL,REG,E0,"",0,0,0,0,131.26,19,,131.32,,5195763.87,135.0,131.25,-0.06,39133,147,133.0,2025-01-15 15:50:01
FEED,CRTM,REG,E0,"",0,0,0,0,14.21,500,,14.15,,24560.09,14.39,14.11,0.06,1736,9,14.11,2025-01-15 15:50:01
FEED,CSAP,REG,E0,"",0,0,0,0,106.02,1,,108.5,,77839478.24,110.0,105.6,-2.48,723097,1187,109.5,2025-01-15 15:50:01
FEED,CSIL,REG,E0,"",0,0,0,0,2.94,7500,,2.88,,776937.58,3.03,2.88,0.06,263309,116,2.98,2025-01-15 15:50:01
FEED,CTM,REG,E0,"",0,0,0,0,4.46,500,,4.38,,170446.28,4.57,4.43,0.08,38040,52,4.49,2025-01-15 15:50:01
FEED,CWSM,REG,E0,"",0,0,0,0,66.21,500,,70.42,,24967417.3,71.6,65.0,-4.21,363121,787,71.0,2025-01-15 15:50:02
FEED,CYAN,REG,E0,"",0,0,0,0,36.0,500,,36.35,,539127.66,36.8,33.16,-0.35,14932,40,33.16,2025-01-15 15:50:02
FEED,DAAG,REG,E0,"",0,0,0,0,116.8,50,,120.17,,1094049.31,120.0,114.5,-3.37,9394,137,120.0,2025-01-15 15:50:02
FEED,DADX,REG,E0,"",0,0,0,0,66.41,1,,69.88,,565301.97,69.0,66.01,-3.47,8420,21,68.01,2025-01-15 15:50:02
FEED,DAWH,REG,PRE,"",0,0,0,0,275.28,0,,275.28,,0,,,,0,0,,2025-01-15 09:30:20
FEED,DBCI,REG,E0,"",0,0,0,0,5.75,4,,5.81,,568341.74,6.19,5.7,-0.06,98305,121,5.9,2025-01-15 15:50:02
FEED,DBSL,REG,E1,"",0,0,0,0,7.0,0,,7.0,,0.0,,,,0,0,,2025-01-15 15:50:02
FEED,DCL,REG,E0,"",0,0,0,0,8.8,3,,8.84,,8252300.93,9.05,8.7,-0.04,926361,729,8.99,2025-01-15 15:50:02
FEED,DCR,REG,E0,"",0,0,0,0,22.28,50,,22.37,,15395754.75,22.59,22.1,-0.09,691493,613,22.5,2025-01-15 15:50:02
FEED,DCTL,REG,E1,"",0,0,0,0,0.08,0,,0.08,,0.0,,,,0,0,,2025-01-15 15:50:02
FEED,DEL,REG,E0,"",0,0,0,0,10.09,1049,,10.5,,588892.94,10.31,9.97,-0.41,58889,40,10.01,2025-01-15 15:50:02
FEED,DFML,REG,E0,"",0,0,0,0,41.58,1000,,39.14,,314804737.31,42.25,39.25,2.44,7711747,4201,39.8,2025-01-15 15:50:02
FEED,DFSM,REG,E0,"",0,0,0,0,4.19,636,,4.19,,627226.42,4.28,4.11,0.0,150507,70,4.11,2025-01-15 15:50:02
FEED,DGKC,REG,E0,"",0,0,0,0,102.03,1500,,103.3,,990671987.65,105.39,101.51,-1.27,9536691,6106,104.01,2025-01-15 15:50:02
FEED,DIIL,REG,E0,"",0,0,0,0,19.82,1,,19.82,,18.23,18.23,18.23,0.0,1,1,18.23,2025-01-15 15:50:02
FEED,DINT,REG,E0,"",0,0,0,0,47.1,13,,47.1,,10101.54,51.81,43.0,0.0,216,6,47.0,2025-01-15 15:50:02
FEED,DKTM,REG,E1,"",0,0,0,0,0.94,0,,0.94,,0.0,,,,0,0,,2025-01-15 15:50:02
FEED,DLL,REG,E0,"",0,0,0,0,316.96,1,,310.03,,907339.89,340.0,305.01,6.93,2716,31,335.0,2025-01-15 15:50:02
FEED,DMTM,REG,E1,"",0,0,0,0,3.99,0,,3.99,,0.0,,,,0,0,,2025-01-15 15:50:02
FEED,DMTX,REG,E0,"",0,0,0,0,70.54,0,,70.54,,0.0,,,,0,0,,2025-01-15 15:50:02
FEED,DNCC,REG,E0,"",0,0,0,0,14.74,9999,,13.4,,8264221.04,14.74,13.11,1.34,571705,114,13.48,2025-01-15 15:50:02
FEED,DOL,REG,E0,"",0,0,0,0,24.99,1000,,25.2,,2993623.4,25.5,24.95,-0.21,119182,179,25.49,2025-01-15 15:50:02
FEED,DSFL,REG,E1,"",0,0,0,0,0.88,0,,0.88,,0.0,,,,0,0,,2025-01-15 15:50:02
FEED,DSIL,REG,E0,"",0,0,0,0,5.33,2000,,5.33,,8639558.35,5.58,5.28,0.0,1569620,152,5.34,2025-01-15 15:50:02
FEED,DSL,REG,E0,"",0,0,0,0,6.74,200,,6.88,,412423.62,7.05,6.71,-0.14,60584,68,6.75,2025-01-15 15:50:02
FEED,DSML,REG,PRE,"",0,0,0,0,51.25,0,,51.25,,0,,,,0,0,,2025-01-15 09:30:37
FEED,DWAE,REG,E0,"",0,0,0,0,39.28,2,,40.9,,532106.84,41.77,36.9,-1.62,13334,70,36.9,2025-01-15 15:50:02
FEED,DWSM,REG,E0,"",0,0,0,0,6.22,2500,,6.33,,591188.97,6.41,6.14,-0.11,94961,68,6.41,2025-01-15 15:50:02
FEED,DWTM,REG,E0,"",0,0,0,0,7.5,1500,,7.26,,30126.15,7.79,6.28,0.24,4102,17,6.28,2025-01-15 15:50:02
FEED,DYNO,REG,E0,"",0,0,0,0,208.39,9,,209.44,,670597.26,212.88,208.0,-1.05,3190,35,212.88,2025-01-15 15:50:02
FEED,ECOP,REG,E0,"",0,0,0,0,23.69,20,,24.45,,21653.5,24.7,23.65,-0.76,914,9,23.65,2025-01-15 15:50:02
FEED,EFERT,REG,E0,"",0,0,0,0,219.29,300,,218.87,,195495751.51,220.25,217.5,0.42,893421,2000,220.0,2025-01-15 15:50:02
FEED,EFGH,REG,PRE,"",0,0,0,0,75.72,489,,75.72,,76.27,80.4,66.65,2.54,218045,257,80.4,2025-01-15 09:30:38
FEED,EFUG,REG,E0,"",0,0,0,0,118.95,350,,111.01,,88303.03,119.8,111.01,7.94,759,12,111.01,2025-01-15 15:50:02
FEED,EFUL,REG,E0,"",0,0,0,0,157.52,255,,156.99,,4279847.48,159.9,156.0,0.53,27207,188,157.11,2025-01-15 15:50:02
FEED,ELCM,REG,E0,"",0,0,0,0,103.0,0,,103.0,,0.0,,,,0,0,,2025-01-15 15:50:02
FEED,ELSM,REG,E0,"",0,0,0,0,115.14,400,,109.8,,403088.9,119.9,107.0,5.34,3501,9,107.0,2025-01-15 15:50:02
FEED,EMCO,REG,E0,"",0,0,0,0,31.0,5,,31.0,,155.0,31.0,31.0,0.0,5,1,31.0,2025-01-15 15:50:02
FEED,ENGL,REG,E1,"",0,0,0,0,0.65,0,,0.65,,0.0,,,,0,0,,2025-01-15 15:50:02
FEED,ENGRO,REG,PRE,"",0,0,0,0,485.38,0,,485.38,,0,,,,0,0,,2025-01-15 09:30:40
FEED,ENGROH,REG,E0,"",0,0,0,0,211.38,12,,218.71,,1053250034.19,221.97,210.5,-7.33,4885857,11487,221.0,2025-01-15 15:50:02
FEED,EPCL,REG,E0,"",0,0,0,0,36.24,200,,36.15,,17874847.6,36.59,36.0,0.09,492370,499,36.25,2025-01-15 15:50:02
FEED,EPCLPS,REG,E0,"",0,0,0,0,11.55,880,,11.5,,69946.8,11.8,11.55,0.05,6053,8,11.8,2025-01-15 15:50:02
FEED,EPQL,REG,E0,"",0,0,0,0,27.71,580,,27.7,,3499116.27,27.88,27.6,0.01,126231,173,27.88,2025-01-15 15:50:02
FEED,ESBL,REG,E0,"",0,0,0,0,5.42,533,,5.63,,377104.38,6.04,5.4,-0.21,68471,53,6.04,2025-01-15 15:50:02
FEED,EWIC,REG,E0,"",0,0,0,0,57.29,0,,57.29,,0.0,,,,0,0,,2025-01-15 15:50:02
FEED,EWICR3,REG,PRE,"",0,0,0,0,26.01,0,,26.01,,0,,,,0,0,,2025-01-15 09:30:58
FEED,EXIDE,REG,E0,"",0,0,0,0,823.71,10,,823.3,,4873264.94,835.0,818.0,0.41,5895,152,818.0,2025-01-15 15:50:02
FEED,FABL,REG,E0,"",0,0,0,0,50.66,8,,50.0,,126933935.46,50.99,50.06,0.66,2508961,1779,50.15,2025-01-15 15:50:02
FEED,FAEL,REG,E1,"",0,0,0,0,14.3,0,,14.3,,0.0,,,,0,0,,2025-01-15 15:50:02
FEED,FANM,REG,E0,"",0,0,0,0,3.25,0,,3.25,,0.0,,,,0,0,,2025-01-15 15:50:02
FEED,FASM,REG,E0,"",0,0,0,0,340.0,1,,334.63,,3362699.0,345.0,315.0,5.37,9882,26,340.0,2025-01-15 15:50:02
FEED,FATIMA,REG,E0,"",0,0,0,0,81.46,1000,,82.09,,47039312.32,82.89,80.81,-0.63,574538,577,82.2,2025-01-15 15:50:02
FEED,FCCL,REG,E0,"",0,0,0,0,34.66,50,,34.94,,248951577.19,35.49,34.55,-0.28,7102217,3356,35.45,2025-01-15 15:50:02
FEED,FCEL,REG,E0,"",0,0,0,0,6.07,0,,6.07,,0.0,,,,0,0,,2025-01-15 15:50:02
FEED,FCEPL,REG,E0,"",0,0,0,0,84.63,1000,,85.53,,31803212.96,86.66,84.25,-0.9,372616,725,86.1,2025-01-15 15:50:02
FEED,FCIBL,REG,E0,"",0,0,0,0,8.45,1,,8.45,,16.39,8.24,8.15,0.0,2,2,8.15,2025-01-15 15:50:02
FEED,FCL,REG,E0,"",0,0,0,0,25.38,10,,25.88,,148267914.0,26.19,25.21,-0.5,5791420,2840,26.01,2025-01-15 15:50:02
FEED,FCONM,REG,E1,"",0,0,0,0,1.19,0,,1.19,,0.0,,,,0,0,,2025-01-15 15:50:02
FEED,FCSC,REG,E0,"",0,0,0,0,2.1,2,,2.11,,2512120.4,2.15,2.05,-0.01,1205242,179,2.15,2025-01-15 15:50:02
FEED,FDIBL,REG,PRE,"",0,0,0,0,2.92,10000,,2.92,,2.95,3.09,2.81,-0.15,601500,141,3.09,2025-01-15 09:30:17
FEED,FDPL,REG,E0,"",0,0,0,0,2.96,50000,,3.0,,2106872.46,3.09,2.85,-0.04,708728,121,3.07,2025-01-15 15:50:02
FEED,FECM,REG,E0,"",0,0,0,0,6.44,100,,5.67,,30712.97,6.67,5.67,0.77,5040,16,5.67,2025-01-15 15:50:03
FEED,FECTC,REG,E0,"",0,0,0,0,102.75,46,,102.51,,3029496.31,105.98,102.02,0.24,29100,126,103.99,2025-01-15 15:50:03
FEED,FEM,REG,E0,"",0,0,0,0,3.29,250,,3.15,,19625.5,3.45,3.2,0.14,5950,9,3.2,2025-01-15 15:50:03
FEED,FEROZ,REG,E0,"",0,0,0,0,330.34,320,,323.05,,30153783.9,338.0,326.6,7.29,90816,498,327.0,2025-01-15 15:50:03
FEED,FFBL,REG,PRE,"",0,0,0,0,88.94,0,,88.94,,0,,,,0,0,,2025-01-15 09:30:20
FEED,FFC,REG,E0,"",0,0,0,0,388.54,800,,384.56,,1081680872.39,391.0,384.25,3.98,2795920,3264,384.9,2025-01-15 15:50:03
FEED,FFL,REG,E0,"",0,0,0,0,17.1,10,,17.42,,308648979.93,17.8,16.89,-0.32,17813006,6746,17.55,2025-01-15 15:50:03
FEED,FFLM,REG,E0,"",0,0,0,0,2.32,4,,2.47,,1848.57,2.4,2.3,-0.15,796,7,2.3,2025-01-15 15:50:03
FEED,FHAM,REG,E0,"",0,0,0,0,19.92,3324,,19.75,,707997.54,20.2,19.65,0.17,35509,24,19.65,2025-01-15 15:50:03
FEED,FIBLM,REG,E0,"",0,0,0,0,3.13,2000,,3.19,,7016.4,3.2,3.0,-0.06,2252,3,3.0,2025-01-15 15:50:03
FEED,FIL,REG,E0,"",0,0,0,0,133.94,110,,133.94,,13392.55,120.66,120.55,0.0,111,3,120.55,2025-01-15 15:50:03
FEED,FIM,REG,E1,"",0,0,0,0,0.2,0,,0.2,,0.0,,,,0,0,,2025-01-15 15:50:03
FEED,FIMM,REG,E0,"",0,0,0,0,210.0,0,,210.0,,0.0,,,,0,0,,2025-01-15 15:50:03
FEED,FLYNG,REG,E0,"",0,0,0,0,24.68,500,,24.85,,333803400.44,26.4,24.55,-0.17,13314654,2951,25.01,2025-01-15 15:50:03
FEED,FML,REG,E0,"",0,0,0,0,68.24,500,,67.0,,367251.74,69.99,68.0,1.24,5362,31,68.0,2025-01-15 15:50:03
FEED,FNBM,REG,E1,"",0,0,0,0,0.64,0,,0.64,,0.0,,,,0,0,,2025-01-15 15:50:03
FEED,FNEL,REG,E0,"",0,0,0,0,3.78,5000,,3.86,,3960358.26,3.91,3.75,-0.08,1038914,292,3.91,2025-01-15 15:50:03
FEED,FPJM,REG,E0,"",0,0,0,0,3.05,500,,3.04,,33565.36,3.15,3.05,0.01,10673,7,3.15,2025-01-15 15:50:03
FEED,FPRM,REG,E0,"",0,0,0,0,8.47,625,,9.04,,1218828.61,9.29,8.2,-0.57,144646,92,9.04,2025-01-15 15:50:03
FEED,FRCL,REG,E0,"",0,0,0,0,21.7,100,,22.7,,368914.21,22.98,21.5,-1.0,16819,93,22.1,2025-01-15 15:50:03
FEED,FRSM,REG,E0,"",0,0,0,0,44.84,1,,44.84,,4304.73,44.73,42.6,0.0,101,2,42.6,2025-01-15 15:50:03
FEED,FRSMR,REG,PRE,"",0,0,0,0,8.58,0,,8.58,,0,,,,0,0,,2025-01-15 09:30:58
FEED,FSWL,REG,E0,"",0,0,0,0,78.57,0,,78.57,,0.0,,,,0,0,,2025-01-15 15:50:03
FEED,FTHM,REG,E1,"",0,0,0,0,74.0,0,,74.0,,0.0,,,,0,0,,2025-01-15 15:50:03
FEED,FTMM,REG,E0,"",0,0,0,0,4.65,100,,4.66,,40230.82,4.78,4.62,-0.01,8655,17,4.78,2025-01-15 15:50:03
FEED,FTSM,REG,E0,"",0,0,0,0,14.0,1,,14.0,,2174.5,13.5,13.5,0.0,161,2,13.5,2025-01-15 15:50:03
FEED,FUDLM,REG,PRE,"",0,0,0,0,8,0,,8,,0,,,,0,0,,2025-01-15 09:30:36
FEED,FZCM,REG,E0,"",0,0,0,0,166.13,1,,166.13,,24272.5,180.0,160.05,0.0,145,9,180.0,2025-01-15 15:50:03
FEED,GADT,REG,E0,"",0,0,0,0,227.88,100,,230.02,,25522.45,235.0,216.0,-2.14,112,5,216.0,2025-01-15 15:50:03
FEED,GAL,REG,E0,"",0,0,0,0,406.48,40,,387.17,,4177813999.38,425.0,392.0,19.31,10177838,22830,394.9,2025-01-15 15:50:03
FEED,GAMON,REG,E0,"",0,0,0,0,44.29,33,,45.0,,517805.2,46.97,43.0,-0.71,11528,52,46.97,2025-01-15 15:50:03
FEED,GATI,REG,E0,"",0,0,0,0,162.61,147,,163.16,,114891.9,165.0,161.21,-0.55,700,10,161.21,2025-01-15 15:50:03
FEED,GATIR,REG,PRE,"",0,0,0,0,15.04,0,,15.04,,0,,,,0,0,,2025-01-15 09:30:28
FEED,GATM,REG,E0,"",0,0,0,0,25.54,2839,,26.22,,14706933.24,26.49,25.45,-0.68,565408,446,26.02,2025-01-15 15:50:03
FEED,GCIL,REG,E0,"",0,0,0,0,16.36,5000,,16.07,,73441299.45,16.83,16.15,0.29,4456322,1343,16.15,2025-01-15 15:50:03
FEED,GEMBCEM,REG,E0,"",0,0,0,0,6.6,0,,6.6,,0.0,,,,0,0,,2025-01-15 15:50:03
FEED,GEMBLUEX,REG,E0,"",0,0,0,0,61.55,0,,61.55,,0.0,,,,0,0,,2025-01-15 15:50:03
FEED,GEMMEL,REG,E0,"",0,0,0,0,19.5,3643,,20.55,,1640788.5,19.5,19.5,-1.05,84143,17,19.5,2025-01-15 15:50:03
FEED,GEMPAPL,REG,E0,"",0,0,0,0,7.51,24000,,8.0,,693060.0,8.15,7.51,-0.49,90000,15,8.15,2025-01-15 15:50:03
FEED,GEMSPNL,REG,E0,"",0,0,0,0,18.14,700,,19.0,,214860.75,19.01,18.0,-0.86,11805,11,19.01,2025-01-15 15:50:03
FEED,GFIL,REG,E0,"",0,0,0,0,10.09,3000,,9.89,,188478.47,10.35,9.8,0.2,18760,54,10.29,2025-01-15 15:50:03
FEED,GGGL,REG,E0,"",0,0,0,0,8.65,15000,,8.49,,46998837.1,9.0,8.53,0.16,5344472,1148,8.89,2025-01-15 15:50:03
FEED,GGL,REG,E0,"",0,0,0,0,14.69,10,,14.07,,149221149.28,15.14,14.07,0.62,10166582,3081,14.28,2025-01-15 15:50:03
FEED,GHGL,REG,E0,"",0,0,0,0,30.28,890,,30.41,,11939061.27,30.9,30.2,-0.13,390649,220,30.49,2025-01-15 15:50:03
FEED,GHNI,REG,E0,"",0,0,0,0,579.98,100,,595.15,,689608570.91,599.0,575.55,-15.17,1171483,4969,592.0,2025-01-15 15:50:03
FEED,GIL,REG,E0,"",0,0,0,0,1371.95,0,,1371.95,,0.0,,,,0,0,,2025-01-15 15:50:03
FEED,GLAXO,REG,E0,"",0,0,0,0,407.63,5,,387.95,,990766953.6,424.0,382.4,19.68,2419896,4611,392.0,2025-01-15 15:50:03
FEED,GLOT,REG,E1,"",0,0,0,0,8.7,0,,8.7,,0.0,,,,0,0,,2025-01-15 15:50:03
FEED,GLPL,REG,E0,"",0,0,0,0,172.7,1,,169.99,,321387.09,172.95,165.01,2.71,1861,8,172.95,2025-01-15 15:50:03
FEED,GOC,REG,E0,"",0,0,0,0,67.52,8,,70.99,,38330.51,68.1,67.0,-3.47,568,7,67.01,2025-01-15 15:50:03
FEED,GRR,REG,E0,"",0,0,0,0,14.38,2,,14.6,,309855.49,14.89,14.28,-0.22,21405,42,14.89,2025-01-15 15:50:03
FEED,GRYL,REG,E0,"",0,0,0,0,5.11,7810,,5.23,,45677.6,5.65,5.01,-0.12,8842,13,5.65,2025-01-15 15:50:03
FEED,GSPM,REG,E0,"",0,0,0,0,4.39,678,,4.1,,1089407.81,4.88,4.21,0.29,241494,170,4.25,2025-01-15 15:50:03
FEED,GTYR,REG,E0,"",0,0,0,0,50.15,400,,48.52,,118554251.52,51.4,48.31,1.63,2350961,1435,48.98,2025-01-15 15:50:03
FEED,GUSM,REG,E0,"",0,0,0,0,11.65,11,,10.59,,322728.3,11.65,11.65,1.06,27702,56,11.65,2025-01-15 15:50:03
FEED,GUTM,REG,E1,"",0,0,0,0,15.0,0,,15.0,,0.0,,,,0,0,,2025-01-15 15:50:03
FEED,GVGL,REG,E0,"",0,0,0,0,47.33,200,,47.03,,2850219.22,48.0,46.5,0.3,60211,75,47.9,2025-01-15 15:50:03
FEED,GWLC,REG,E0,"",0,0,0,0,58.05,3000,,56.11,,406967138.88,59.0,54.51,1.94,7100399,4097,56.98,2025-01-15 15:50:03
FEED,HABSM,REG,E0,"",0,0,0,0,71.3,1000,,70.98,,468878.75,72.39,70.01,0.32,6606,30,70.01,2025-01-15 15:50:03
FEED,HADC,REG,E1,"",0,0,0,0,16.51,0,,16.51,,0.0,,,,0,0,,2025-01-15 15:50:03
FEED,HAEL,REG,E0,"",0,0,0,0,13.8,100,,14.0,,123262.58,14.1,13.63,-0.2,8902,29,14.1,2025-01-15 15:50:04
FEED,HAFL,REG,E0,"",0,0,0,0,281.68,9,,281.68,,23490.09,299.0,256.01,0.0,82,9,299.0,2025-01-15 15:50:04
FEED,HAJT,REG,E1,"",0,0,0,0,0.72,0,,0.72,,0.0,,,,0,0,,2025-01-15 15:50:04
FEED,HALEON,REG,E0,"",0,0,0,0,862.2,10,,844.69,,51145526.32,880.0,840.25,17.51,58800,609,840.25,2025-01-15 15:50:04
FEED,HASCOL,REG,E0,"",0,0,0,0,12.32,500,,12.52,,298239524.56,12.93,12.05,-0.2,23576635,7037,12.8,2025-01-15 15:50:04
FEED,HATM,REG,E1,"",0,0,0,0,0.97,0,,0.97,,0.0,,,,0,0,,2025-01-15 15:50:04
FEED,HBL,REG,E0,"",0,0,0,0,171.7,500,,171.87,,267654656.49,174.8,171.5,-0.17,1548222,1031,173.3,2025-01-15 15:50:04
FEED,HBLTETF,REG,E0,"",0,0,0,0,113.65,100,,113.65,,11369.0,113.69,113.69,0.0,100,1,113.69,2025-01-15 15:50:04
FEED,HCAR,REG,E0,"",0,0,0,0,306.63,100,,313.27,,238664858.66,316.49,305.5,-6.64,768700,3924,313.99,2025-01-15 15:50:04
FEED,HCL,REG,E0,"",0,0,0,0,959.26,1,,950.05,,216497.2,1000.0,905.04,9.21,228,46,950.0,2025-01-15 15:50:04
FEED,HGFA,REG,E0,"",0,0,0,0,11.1,30000,,11.0,,676998.88,11.28,10.92,0.1,61268,19,11.28,2025-01-15 15:50:04
FEED,HICL,REG,E0,"",0,0,0,0,8.81,4999,,9.01,,3305558.3,9.55,8.7,-0.2,371521,266,9.01,2025-01-15 15:50:04
FEED,HIFA,REG,E0,"",0,0,0,0,4.0,9990,,3.99,,343403.41,4.09,3.91,0.01,85893,36,4.09,2025-01-15 15:50:04
FEED,HINO,REG,E0,"",0,0,0,0,441.63,86,,450.83,,7766119.41,459.98,435.1,-9.2,17433,213,459.97,2025-01-15 15:50:04
FEED,HINOON,REG,E0,"",0,0,0,0,893.36,13,,889.13,,7690163.82,909.9,875.0,4.23,8543,202,889.13,2025-01-15 15:50:04
FEED,HIRAT,REG,E0,"",0,0,0,0,3.55,1,,3.6,,586307.89,3.66,3.45,-0.05,164279,51,3.66,2025-01-15 15:50:04
FEED,HKKT,REG,E1,"",0,0,0,0,0.5,0,,0.5,,0.0,,,,0,0,,2025-01-15 15:50:04
FEED,HMB,REG,E0,"",0,0,0,0,95.4,2316,,97.5,,12039441.76,98.0,95.0,-2.1,124943,164,97.5,2025-01-15 15:50:04
FEED,HMIM,REG,E1,"",0,0,0,0,8.75,0,,8.75,,0.0,,,,0,0,,2025-01-15 15:50:04
FEED,HPL,REG,E0,"",0,0,0,0,2850.13,1,,2729.64,,1683171.0,2900.0,2700.0,120.49,592,18,2700.0,2025-01-15 15:50:04
FEED,HRPL,REG,E0,"",0,0,0,0,32.87,10,,32.87,,8731.46,33.66,31.06,0.0,261,8,31.06,2025-01-15 15:50:04
FEED,HSPI,REG,E1,"",0,0,0,0,8.81,0,,8.81,,0.0,,,,0,0,,2025-01-15 15:50:04
FEED,HTL,REG,E0,"",0,0,0,0,49.44,46,,51.26,,41920809.81,51.84,49.05,-1.82,831908,1367,51.8,2025-01-15 15:50:04
FEED,HUBC,REG,E0,"",0,0,0,0,131.18,2000,,127.81,,1700913831.84,132.98,128.5,3.37,13012938,8277,128.88,2025-01-15 15:50:04
FEED,HUMNL,REG,E0,"",0,0,0,0,13.98,1500,,13.81,,28090374.45,14.4,13.81,0.17,1981448,677,13.99,2025-01-15 15:50:04
FEED,HUSI,REG,E0,"",0,0,0,0,32.52,10,,32.52,,205618.6,35.7,31.34,0.0,5800,9,35.5,2025-01-15 15:50:04
FEED,HWQS,REG,E0,"",0,0,0,0,11.5,100,,12.0,,228208.79,12.0,11.5,-0.5,19748,13,12.0,2025-01-15 15:50:04
FEED,IBFL,REG,E0,"",0,0,0,0,350.01,19,,350.01,,10501.1,350.1,350.0,0.0,30,4,350.1,2025-01-15 15:50:04
FEED,IBLHL,REG,E0,"",0,0,0,0,41.93,1000,,41.1,,36458245.97,43.39,41.06,0.83,864628,879,41.06,2025-01-15 15:50:04
FEED,ICCI,REG,E0,"",0,0,0,0,11.3,4948,,11.95,,294392.6,11.98,11.25,-0.65,25732,20,11.42,2025-01-15 15:50:04
FEED,ICIBL,REG,E0,"",0,0,0,0,1.5,58718,,1.5,,429489.38,1.55,1.46,0.0,287465,96,1.55,2025-01-15 15:50:04
FEED,ICL,REG,E0,"",0,0,0,0,71.41,200,,72.0,,3764845.84,74.25,71.0,-0.59,51742,80,73.95,2025-01-15 15:50:04
FEED,IDRT,REG,E0,"",0,0,0,0,14.8,81,,14.99,,29412.41,16.37,13.49,-0.19,1975,22,15.72,2025-01-15 15:50:04
FEED,IDSM,REG,E0,"",0,0,0,0,11.3,0,,11.3,,0.0,,,,0,0,,2025-01-15 15:50:04
FEED,IDYM,REG,E0,"",0,0,0,0,123.06,20,,122.5,,83547.85,129.98,119.22,0.56,679,16,129.98,2025-01-15 15:50:04
FEED,IGIHL,REG,E0,"",0,0,0,0,176.47,2000,,174.51,,1527730.86,178.5,174.0,1.96,8676,58,178.5,2025-01-15 15:50:04
FEED,IGIL,REG,E0,"",0,0,0,0,14.19,100,,14.13,,459381.12,14.4,14.0,0.06,32800,15,14.4,2025-01-15 15:50:04
FEED,ILP,REG,E0,"",0,0,0,0,65.82,92,,66.59,,58514113.76,67.5,65.5,-0.77,880212,1082,66.62,2025-01-15 15:50:04
FEED,IMAGE,REG,E0,"",0,0,0,0,21.42,500,,21.46,,99604385.96,23.0,21.29,-0.04,4530251,1427,21.46,2025-01-15 15:50:04
FEED,IMAGER2,REG,PRE,"",0,0,0,0,0.96,0,,0.96,,0,,,,0,0,,2025-01-15 09:30:08
FEED,IML,REG,E0,"",0,0,0,0,19.61,15,,20.0,,60623.3,21.0,19.61,-0.39,3036,7,21.0,2025-01-15 15:50:04
FEED,IMS,REG,E0,"",0,0,0,0,64.91,200,,63.0,,586316.56,67.0,62.5,1.91,9203,21,67.0,2025-01-15 15:50:04
FEED,INDU,REG,E0,"",0,0,0,0,2013.77,10,,2054.96,,6598810.92,2089.0,1950.0,-41.19,3268,284,2089.0,2025-01-15 15:50:04
FEED,INIL,REG,E0,"",0,0,0,0,175.02,3,,174.33,,48730947.46,178.88,173.5,0.69,277091,480,174.33,2025-01-15 15:50:04
FEED,INKL,REG,E0,"",0,0,0,0,15.99,50,,15.99,,1625.0,16.5,16.0,0.0,100,2,16.0,2025-01-15 15:50:04
FEED,INMF,REG,E1,"",0,0,0,0,0.17,0,,0.17,,0.0,,,,0,0,,2025-01-15 15:50:04
FEED,IPAK,REG,E0,"",0,0,0,0,22.35,3960,,22.39,,1980355.43,22.75,22.26,-0.04,88321,42,22.74,2025-01-15 15:50:04
FEED,ISIL,REG,E0,"",0,0,0,0,1945.4,1,,1900.0,,763178.98,1950.0,1900.0,45.4,401,12,1950.0,2025-01-15 15:50:04
FEED,ISL,REG,E0,"",0,0,0,0,98.37,25,,97.97,,182821799.82,101.0,97.25,0.4,1843576,1465,98.99,2025-01-15 15:50:04
FEED,ITTEFAQ,REG,E0,"",0,0,0,0,8.78,180,,8.71,,31538674.97,9.25,8.65,0.07,3534818,1398,9.0,2025-01-15 15:50:04
FEED,JATM,REG,E0,"",0,0,0,0,34.08,150,,36.35,,395391.8,37.85,33.0,-2.27,11390,68,35.26,2025-01-15 15:50:04
FEED,JDMT,REG,E0,"",0,0,0,0,63.26,2000,,64.23,,259421.79,65.79,63.0,-0.97,4101,7,65.79,2025-01-15 15:50:04
FEED,JDWS,REG,E0,"",0,0,0,0,915.66,17,,890.13,,1782485.61,947.98,825.0,25.53,1965,145,825.0,2025-01-15 15:50:04
FEED,JGICL,REG,E0,"",0,0,0,0,56.29,2000,,56.01,,4384442.48,57.19,56.0,0.28,77737,79,56.65,2025-01-15 15:50:04
FEED,JKSM,REG,E0,"",0,0,0,0,61.25,100,,61.25,,6000.0,,,,100,1,,2025-01-15 15:50:04
FEED,JLICL,REG,E0,"",0,0,0,0,175.5,1,,175.5,,19911.99,176.99,174.0,0.0,114,10,176.99,2025-01-15 15:50:04
FEED,JOPP,REG,PRE,"",0,0,0,0,160.06,0,,160.06,,0,,,,0,0,,2025-01-15 09:30:31
FEED,JSBL,REG,E0,"",0,0,0,0,11.19,20000,,11.34,,19665175.92,11.55,11.02,-0.15,1728974,322,11.02,2025-01-15 15:50:04
FEED,JSCL,REG,E0,"",0,0,0,0,19.52,100000,,19.32,,42501347.18,20.25,19.42,0.2,2142829,659,19.7,2025-01-15 15:50:05
FEED,JSCLPSA,REG,E0,"",0,0,0,0,8.5,5,,8.5,,4519.16,8.94,8.92,0.0,505,4,8.93,2025-01-15 15:50:05
FEED,JSGBETF,REG,E0,"",0,0,0,0,22.59,500,,22.5,,427360.0,22.59,22.48,0.09,19000,6,22.48,2025-01-15 15:50:05
FEED,JSGCL,REG,E0,"",0,0,0,0,126.0,100,,126.21,,61841.6,126.0,124.0,-0.21,493,7,124.51,2025-01-15 15:50:05
FEED,JSIL,REG,E0,"",0,0,0,0,24.05,2000,,23.78,,473164.37,24.75,22.3,0.27,20228,46,22.55,2025-01-15 15:50:05
FEED,JSMFETF,REG,E0,"",0,0,0,0,14.22,500,,14.29,,7447510.0,14.5,14.1,-0.07,520000,139,14.34,2025-01-15 15:50:05
FEED,JSML,REG,E0,"",0,0,0,0,18.5,27,,18.7,,724697.9,19.0,18.0,-0.2,39366,48,19.0,2025-01-15 15:50:05
FEED,JUBS,REG,E0,"",0,0,0,0,11.9,0,,11.9,,0.0,,,,0,0,,2025-01-15 15:50:05
FEED,JVDC,REG,E0,"",0,0,0,0,65.01,200,,64.93,,5510108.81,66.16,64.99,0.08,84548,248,65.5,2025-01-15 15:50:05
FEED,JVDCPS,REG,E0,"",0,0,0,0,19.0,0,,19.0,,0.0,,,,0,0,,2025-01-15 15:50:05
FEED,KAKL,REG,E1,"",0,0,0,0,0.55,0,,0.55,,0.0,,,,0,0,,2025-01-15 15:50:05
FEED,KAPCO,REG,E0,"",0,0,0,0,36.48,200,,36.85,,33714208.53,37.47,36.35,-0.37,916516,938,37.0,2025-01-15 15:50:05
FEED,KCL,REG,E0,"",0,0,0,0,59.5,2,,59.5,,195.4,65.4,65.0,0.0,3,2,65.4,2025-01-15 15:50:05
FEED,KEL,REG,E0,"",0,0,0,0,4.91,760,,5.0,,100305696.88,5.1,4.9,-0.09,20043975,2041,5.1,2025-01-15 15:50:05
FEED,KHTC,REG,E0,"",0,0,0,0,275.0,150,,265.37,,4206897.35,282.0,265.75,9.63,15262,95,265.76,2025-01-15 15:50:05
FEED,KHYT,REG,E0,"",0,0,0,0,547.79,3,,547.79,,1640.97,546.99,546.99,0.0,3,1,546.99,2025-01-15 15:50:05
FEED,KML,REG,E0,"",0,0,0,0,34.95,100,,35.09,,79474.87,34.99,32.21,-0.14,2323,17,33.0,2025-01-15 15:50:05
FEED,KOHC,REG,E0,"",0,0,0,0,371.18,500,,365.8,,61229419.59,398.0,361.4,5.38,160859,727,361.4,2025-01-15 15:50:05
FEED,KOHE,REG,E0,"",0,0,0,0,26.34,200,,26.0,,3764279.84,26.53,26.06,0.34,142762,99,26.23,2025-01-15 15:50:05
FEED,KOHP,REG,E0,"",0,0,0,0,6.94,5,,6.77,,1012632.33,7.06,6.62,0.17,146251,77,6.92,2025-01-15 15:50:05
FEED,KOHTM,REG,E0,"",0,0,0,0,33.27,7,,34.99,,18664.56,34.0,32.2,-1.72,561,14,32.2,2025-01-15 15:50:05
FEED,KOIL,REG,E0,"",0,0,0,0,8.9,500,,8.74,,16967.21,9.0,8.3,0.16,1913,15,8.3,2025-01-15 15:50:05
FEED,KOSM,REG,E0,"",0,0,0,0,6.81,4000,,7.03,,55154830.17,7.25,6.63,-0.22,7944106,3066,7.05,2025-01-15 15:50:05
FEED,KPUS,REG,E0,"",0,0,0,0,128.42,500,,131.33,,2540621.13,138.8,120.0,-2.91,20799,110,129.99,2025-01-15 15:50:05
FEED,KSBP,REG,E0,"",0,0,0,0,155.1,5000,,153.51,,27840711.84,156.9,152.0,1.59,180669,234,152.6,2025-01-15 15:50:05
FEED,KSBPR,REG,PRE,"",0,0,0,0,3.02,0,,3.02,,0,,,,0,0,,2025-01-15 09:30:52
FEED,KSTM,REG,E0,"",0,0,0,0,8.0,5,,7.94,,32181.24,8.14,7.63,0.06,4099,31,7.76,2025-01-15 15:50:05
FEED,KTML,REG,E0,"",0,0,0,0,113.85,100,,116.76,,1353528.1,119.95,112.0,-2.91,11803,23,119.95,2025-01-15 15:50:05
FEED,LCI,REG,E0,"",0,0,0,0,1135.24,4888,,1138.79,,24115344.82,1145.0,1110.0,-3.55,21247,106,1125.01,2025-01-15 15:50:05
FEED,LEUL,REG,E0,"",0,0,0,0,24.0,100,,24.0,,2648.0,26.0,25.96,0.0,102,2,26.0,2025-01-15 15:50:05
FEED,LIVEN,REG,E0,"",0,0,0,0,172.7,2,,174.98,,19415663.19,192.48,157.48,-2.28,111398,927,192.48,2025-01-15 15:50:05
FEED,LMSM,REG,PRE,"",0,0,0,0,63.91,200,,63.91,,63.91,63.91,63.91,5.81,14024,32,63.91,2025-01-15 09:30:34
FEED,LOADS,REG,E0,"",0,0,0,0,14.97,100,,14.74,,11150691.06,15.35,14.7,0.23,737214,387,14.9,2025-01-15 15:50:05
FEED,LOTCHEM,REG,E0,"",0,0,0,0,21.17,2946,,21.23,,70634774.87,21.49,20.95,-0.06,3333444,945,21.21,2025-01-15 15:50:05
FEED,LPGL,REG,E0,"",0,0,0,0,127.66,4,,123.12,,15409884.9,135.0,126.0,4.54,118495,740,131.99,2025-01-15 15:50:05
FEED,LPL,REG,E0,"",0,0,0,0,23.28,100,,23.31,,21805533.18,24.0,23.12,-0.03,920949,547,23.38,2025-01-15 15:50:05
FEED,LSECL,REG,E0,"",0,0,0,0,5.91,10000,,5.84,,692782.74,6.29,5.83,0.07,115490,74,5.83,2025-01-15 15:50:05
FEED,LSEFSL,REG,E0,"",0,0,0,0,17.49,500,,15.9,,2137532.38,17.49,16.0,1.59,124559,108,16.97,2025-01-15 15:50:05
FEED,LSEPL,REG,PRE,"",0,0,0,0,4.65,0,,4.65,,0,,,,0,0,,2025-01-15 09:30:35
FEED,LSEVL,REG,E0,"",0,0,0,0,12.93,1000,,12.94,,592750.02,14.2,12.5,-0.01,45305,33,12.74,2025-01-15 15:50:05
FEED,LUCK,REG,E0,"",0,0,0,0,1110.64,428,,1116.52,,108830158.09,1129.0,1099.0,-5.88,97947,1150,1105.1,2025-01-15 15:50:05
FEED,MACFL,REG,E0,"",0,0,0,0,17.22,1000,,17.39,,2391852.52,17.6,17.11,-0.17,137883,141,17.37,2025-01-15 15:50:05
FEED,MACTER,REG,E0,"",0,0,0,0,294.99,10,,285.96,,4262419.18,297.99,281.0,9.03,14620,189,286.0,2025-01-15 15:50:05
FEED,MARI,REG,E0,"",0,0,0,0,691.46,300,,706.63,,1023115471.22,716.65,687.1,-15.17,1456257,12346,707.0,2025-01-15 15:50:05
FEED,MCB,REG,E0,"",0,0,0,0,281.62,3000,,283.13,,207093109.67,286.6,280.03,-1.51,733837,977,284.0,2025-01-15 15:50:05
FEED,MCBIM,REG,E0,"",0,0,0,0,67.0,4799,,65.82,,434743.88,69.9,65.0,1.18,6526,15,69.9,2025-01-15 15:50:05
FEED,MDTL,REG,E0,"",0,0,0,0,2.41,10,,2.31,,4941358.36,2.55,2.3,0.1,2005220,329,2.35,2025-01-15 15:50:05
FEED,MEBL,REG,E0,"",0,0,0,0,237.46,2,,237.4,,290491601.55,238.99,236.0,0.06,1221962,1549,237.99,2025-01-15 15:50:05
FEED,MEHT,REG,E0,"",0,0,0,0,666.77,10,,667.5,,199620.36,674.75,625.0,-0.73,306,22,670.0,2025-01-15 15:50:05
FEED,MERIT,REG,E0,"",0,0,0,0,10.02,2,,10.01,,2126294.03,10.3,9.99,0.01,211365,127,10.3,2025-01-15 15:50:05
FEED,META,REG,PRE,"",0,0,0,0,9.67,0,,9.67,,0,,,,0,0,,2025-01-15 09:30:39
FEED,MFFL,REG,E0,"",0,0,0,0,295.59,100,,274.93,,190609402.46,302.42,278.0,20.66,650768,1627,287.0,2025-01-15 15:50:05
FEED,MFL,REG,E0,"",0,0,0,0,44.11,95,,45.12,,497253.45,46.0,44.0,-1.01,11004,50,45.5,2025-01-15 15:50:05
FEED,MFTM,REG,E1,"",0,0,0,0,3.49,0,,3.49,,0.0,,,,0,0,,2025-01-15 15:50:05
FEED,MIIETF,REG,E0,"",0,0,0,0,14.94,500,,14.94,,1971935.0,15.1,14.93,0.0,131500,66,15.07,2025-01-15 15:50:05
FEED,MIRKS,REG,E0,"",0,0,0,0,28.59,50,,28.6,,332371.35,29.0,28.2,-0.01,11582,49,28.75,2025-01-15 15:50:05
FEED,MIRKSR,REG,PRE,"",0,0,0,0,8.67,0,,8.67,,0,,,,0,0,,2025-01-15 09:30:11
FEED,MLCF,REG,E0,"",0,0,0,0,44.34,50,,44.62,,391611565.56,45.59,44.0,-0.28,8703889,4105,44.79,2025-01-15 15:50:05
FEED,MODAM,REG,PRE,"",0,0,0,0,5.73,0,,5.73,,0,,,,0,0,,2025-01-15 09:30:40
FEED,MOHE,REG,E1,"",0,0,0,0,0.15,0,,0.15,,0.0,,,,0,0,,2025-01-15 15:50:05
FEED,MQTM,REG,E0,"",0,0,0,0,28.37,0,,28.37,,0.0,,,,0,0,,2025-01-15 15:50:05
FEED,MRNS,REG,E0,"",0,0,0,0,41.5,200,,40.99,,541507.05,42.0,41.0,0.51,12934,34,41.99,2025-01-15 15:50:05
FEED,MSCL,REG,E0,"",0,0,0,0,10.55,100,,10.74,,525777.44,10.89,10.53,-0.19,49536,66,10.89,2025-01-15 15:50:06
FEED,MSOT,REG,E0,"",0,0,0,0,55.55,1,,55.55,,1147.1,61.0,50.02,0.0,20,5,61.0,2025-01-15 15:50:06
FEED,MSOTPS,REG,E0,"",0,0,0,0,9.51,0,,9.51,,0.0,,,,0,0,,2025-01-15 15:50:06
FEED,MTL,REG,E0,"",0,0,0,0,715.52,20,,709.26,,1001141253.71,760.0,712.0,6.26,1362027,7204,750.0,2025-01-15 15:50:06
FEED,MUBT,REG,E1,"",0,0,0,0,3.85,0,,3.85,,0.0,,,,0,0,,2025-01-15 15:50:06
FEED,MUGHAL,REG,E0,"",0,0,0,0,81.66,455,,82.08,,75417717.65,84.25,81.32,-0.42,906894,1189,82.65,2025-01-15 15:50:06
FEED,MUREB,REG,E0,"",0,0,0,0,800.5,69,,800.4,,5495123.6,810.0,786.02,0.1,6862,96,800.0,2025-01-15 15:50:06
FEED,MWMP,REG,E0,"",0,0,0,0,22.25,500,,21.37,,227527.9,23.48,20.09,0.88,10192,23,23.48,2025-01-15 15:50:06
FEED,MZNPETF,REG,E0,"",0,0,0,0,18.19,500,,18.22,,4686715.0,18.4,18.17,-0.03,256000,116,18.38,2025-01-15 15:50:06
FEED,NAFL,REG,E1,"",0,0,0,0,10.0,0,,10.0,,0.0,,,,0,0,,2025-01-15 15:50:06
FEED,NAGC,REG,E0,"",0,0,0,0,55.5,0,,55.5,,0.0,,,,0,0,,2025-01-15 15:50:06
FEED,NATF,REG,E0,"",0,0,0,0,188.0,3,,189.2,,8373326.53,190.75,186.01,-1.2,44587,192,190.75,2025-01-15 15:50:06
FEED,NATM,REG,E0,"",0,0,0,0,80.0,0,,80.0,,0.0,,,,0,0,,2025-01-15 15:50:06
FEED,NBP,REG,E0,"",0,0,0,0,62.03,50000,,62.4,,59052154.12,63.0,61.8,-0.37,947921,571,62.03,2025-01-15 15:50:06
FEED,NBPGETF,REG,E0,"",0,0,0,0,22.61,500,,22.53,,45210.0,22.61,22.61,0.08,2000,3,22.61,2025-01-15 15:50:06
FEED,NCL,REG,E0,"",0,0,0,0,34.45,500,,34.0,,7183692.9,34.55,33.99,0.45,210009,155,34.5,2025-01-15 15:50:06
FEED,NCML,REG,E0,"",0,0,0,0,12.02,0,,12.02,,0.0,,,,0,0,,2025-01-15 15:50:06
FEED,NCPL,REG,E0,"",0,0,0,0,26.81,4556,,26.78,,19876672.19,27.0,26.75,0.03,739468,312,26.78,2025-01-15 15:50:06
FEED,NESTLE,REG,E0,"",0,0,0,0,7408.98,2,,7435.93,,1115143.19,7489.22,7250.0,-26.95,152,30,7303.0,2025-01-15 15:50:06
FEED,NETSOL,REG,E0,"",0,0,0,0,156.29,2000,,158.19,,326521626.12,160.5,155.0,-1.9,2060546,3244,159.55,2025-01-15 15:50:06
FEED,NEXT,REG,E0,"",0,0,0,0,10.51,50,,10.97,,46158.55,10.8,10.25,-0.46,4358,14,10.75,2025-01-15 15:50:06
FEED,NICL,REG,E0,"",0,0,0,0,145.53,499,,140.25,,2684493.18,146.0,139.0,5.28,18819,32,141.0,2025-01-15 15:50:06
FEED,NINA,REG,E1,"",0,0,0,0,1.01,0,,1.01,,0.0,,,,0,0,,2025-01-15 15:50:06
FEED,NITGETF,REG,E0,"",0,0,0,0,25.61,1000,,25.56,,256030.0,25.62,25.6,0.05,10000,4,25.6,2025-01-15 15:50:06
FEED,NMFL,REG,E1,"",0,0,0,0,12.76,0,,12.76,,0.0,,,,0,0,,2025-01-15 15:50:06
FEED,NML,REG,E0,"",0,0,0,0,101.28,1,,101.06,,44635675.87,102.75,100.7,0.22,437566,441,101.25,2025-01-15 15:50:06
FEED,NONS,REG,E0,"",0,0,0,0,74.0,200,,69.99,,34927.0,74.0,73.98,4.01,472,3,73.98,2025-01-15 15:50:06
FEED,NPL,REG,E0,"",0,0,0,0,34.28,30,,35.18,,36223060.61,35.49,34.0,-0.9,1038913,439,35.49,2025-01-15 15:50:06
FEED,NRL,REG,E0,"",0,0,0,0,289.32,500,,283.62,,585781520.78,298.74,285.25,5.7,2007990,5338,286.0,2025-01-15 15:50:06
FEED,NRSL,REG,E0,"",0,0,0,0,25.23,500,,25.51,,2039201.11,25.49,25.01,-0.28,81058,98,25.26,2025-01-15 15:50:06
FEED,NSRM,REG,E0,"",0,0,0,0,55.44,0,,55.44,,0.0,,,,0,0,,2025-01-15 15:50:06
FEED,OBOY,REG,E0,"",0,0,0,0,9.81,12,,9.84,,2230225.05,10.0,9.55,-0.03,228576,223,9.96,2025-01-15 15:50:06
FEED,OCTOPUS,REG,E0,"",0,0,0,0,68.44,3,,70.01,,141389113.09,71.1,68.12,-1.57,2019092,2670,70.25,2025-01-15 15:50:06
FEED,OGDC,REG,E0,"",0,0,0,0,221.77,1,,222.15,,1272862232.39,226.23,219.4,-0.38,5707634,6080,222.99,2025-01-15 15:50:06
FEED,OLPL,REG,E0,"",0,0,0,0,36.0,28,,36.47,,83455.64,36.03,36.0,-0.47,2318,6,36.01,2025-01-15 15:50:06
FEED,OLPM,REG,E0,"",0,0,0,0,16.4,1000,,16.1,,451520.08,16.65,15.75,0.3,28165,23,15.76,2025-01-15 15:50:06
FEED,OML,REG,E0,"",0,0,0,0,35.33,1,,39.2,,17737.48,38.2,35.28,-3.87,502,4,35.4,2025-01-15 15:50:06
FEED,ORM,REG,E0,"",0,0,0,0,7.87,11500,,7.87,,325161.0,7.87,7.86,0.0,41500,13,7.87,2025-01-15 15:50:06
FEED,OTSU,REG,E0,"",0,0,0,0,186.36,100,,169.42,,24628556.9,186.36,174.0,16.94,136867,212,174.0,2025-01-15 15:50:06
FEED,PABC,REG,E0,"",0,0,0,0,113.39,331,,117.92,,17029373.76,119.0,112.0,-4.53,147062,470,117.9,2025-01-15 15:50:06
FEED,PACE,REG,E0,"",0,0,0,0,7.22,4201,,7.42,,37654114.5,7.45,7.17,-0.2,5188661,1679,7.35,2025-01-15 15:50:06
FEED,PAEL,REG,E0,"",0,0,0,0,42.69,142,,42.8,,394590247.66,43.3,42.5,-0.11,9189061,3672,42.8,2025-01-15 15:50:06
FEED,PAKD,REG,E0,"",0,0,0,0,122.98,1,,125.71,,4055223.14,129.85,121.0,-2.73,32476,165,128.7,2025-01-15 15:50:06
FEED,PAKL,REG,E0,"",0,0,0,0,30.03,0,,30.03,,0.0,,,,0,0,,2025-01-15 15:50:06
FEED,PAKOXY,REG,E0,"",0,0,0,0,135.35,300,,136.5,,2223440.44,139.88,135.17,-1.15,16146,71,137.0,2025-01-15 15:50:06
FEED,PAKRI,REG,E0,"",0,0,0,0,14.9,500,,14.93,,361832.5,14.99,14.77,-0.03,24306,53,14.99,2025-01-15 15:50:06
FEED,PAKT,REG,E0,"",0,0,0,0,1260.38,100,,1261.73,,606145.99,1267.0,1212.0,-1.35,481,32,1212.0,2025-01-15 15:50:06
FEED,PASL,REG,E0,"",0,0,0,0,1.49,5000,,1.47,,567134.08,1.51,1.44,0.02,386128,131,1.51,2025-01-15 15:50:06
FEED,PASM,REG,E0,"",0,0,0,0,5.0,100,,4.5,,178345.75,5.14,4.5,0.5,36472,39,4.8,2025-01-15 15:50:06
FEED,PCAL,REG,E0,"",0,0,0,0,193.09,600,,194.54,,2420808.14,195.95,190.5,-1.45,12567,81,194.54,2025-01-15 15:50:06
FEED,PECO,REG,E0,"",0,0,0,0,601.56,5,,600.01,,566882.1,639.0,596.0,1.55,912,19,639.0,2025-01-15 15:50:06
FEED,PELPS,REG,E0,"",0,0,0,0,12.44,0,,12.44,,0.0,,,,0,0,,2025-01-15 15:50:06
FEED,PGLC,REG,E0,"",0,0,0,0,22.9,500,,23.86,,611417.81,25.99,22.05,-0.96,26208,71,25.99,2025-01-15 15:50:06
FEED,PHDL,REG,E0,"",0,0,0,0,49.46,500,,50.03,,7708083.22,50.0,49.15,-0.57,155542,252,50.0,2025-01-15 13:00:00
FEED,PIAA,REG,PRE,"",0,0,0,0,22.17,10000,,22.17,,21.91,22.2,21.12,1.52,7467294,2625,22,2025-01-15 09:30:39
FEED,PIAB,REG,PRE,"",0,0,0,0,828.42,0,,828.42,,0,,,,0,0,,2025-01-15 09:30:39
FEED,PIAHCLA,REG,E0,"",0,0,0,0,17.13,2000,,17.39,,36894723.89,17.57,17.07,-0.26,2137346,1088,17.57,2025-01-15 15:50:06
FEED,PIAHCLB,REG,E0,"",0,0,0,0,844.57,0,,844.57,,0.0,,,,0,0,,2025-01-15 15:50:06
FEED,PIBTL,REG,E0,"",0,0,0,0,8.42,36500,,8.51,,46288291.61,8.72,8.39,-0.09,5417882,1516,8.5,2025-01-15 15:50:07
FEED,PICL,REG,E1,"",0,0,0,0,0.1,0,,0.1,,0.0,,,,0,0,,2025-01-15 15:50:07
FEED,PICT,REG,E0,"",0,0,0,0,47.39,100,,47.49,,2972899.18,47.89,47.0,-0.1,62846,199,47.89,2025-01-15 15:50:07
FEED,PIL,REG,E0,"",0,0,0,0,3.07,10000,,3.37,,889399.65,3.28,3.03,-0.3,284796,157,3.21,2025-01-15 15:50:07
FEED,PIM,REG,E0,"",0,0,0,0,12.0,1,,12.0,,662.0,13.0,12.14,0.0,51,5,12.99,2025-01-15 15:50:07
FEED,PINL,REG,E0,"",0,0,0,0,5.52,1,,5.52,,94.21,5.74,5.52,0.0,17,3,5.74,2025-01-15 15:50:07
FEED,PIOC,REG,E0,"",0,0,0,0,194.22,500,,195.07,,12449503.18,197.69,193.5,-0.85,63457,331,195.1,2025-01-15 15:50:07
FEED,PKGI,REG,E0,"",0,0,0,0,8.25,1,,8.52,,52215.43,8.99,8.02,-0.27,6076,28,8.5,2025-01-15 15:50:07
FEED,PKGIR,REG,PRE,"",0,0,0,0,1.36,0,,1.36,,0,,,,0,0,,2025-01-15 09:30:14
FEED,PKGP,REG,E0,"",0,0,0,0,102.2,1,,104.0,,1052746.06,105.44,97.0,-1.8,10177,50,98.0,2025-01-15 15:50:07
FEED,PKGS,REG,E0,"",0,0,0,0,535.21,200,,533.28,,2028006.77,549.0,530.0,1.93,3780,102,530.0,2025-01-15 15:50:07
FEED,PMI,REG,E0,"",0,0,0,0,2.41,3900,,2.54,,4245460.05,2.55,2.4,-0.13,1733739,198,2.55,2025-01-15 15:50:07
FEED,PMPK,REG,E0,"",0,0,0,0,733.76,1,,789.76,,707478.46,800.0,722.0,-56.0,958,74,770.0,2025-01-15 15:50:07
FEED,PMRS,REG,E0,"",0,0,0,0,400.71,5,,435.61,,122174.95,434.98,400.0,-34.9,305,6,400.01,2025-01-15 15:50:07
FEED,PNSC,REG,E0,"",0,0,0,0,463.66,25,,449.47,,33156542.6,475.0,446.51,14.19,71717,421,447.0,2025-01-15 15:50:07
FEED,POL,REG,E0,"",0,0,0,0,629.8,900,,624.35,,100560882.64,632.99,623.5,5.45,160141,714,628.0,2025-01-15 15:50:07
FEED,POML,REG,E0,"",0,0,0,0,152.0,62,,152.0,,27118.42,165.65,143.0,0.0,168,13,143.0,2025-01-15 15:50:07
FEED,POWER,REG,E0,"",0,0,0,0,9.09,9000,,9.15,,29706441.33,9.29,9.05,-0.06,3249202,444,9.1,2025-01-15 15:50:07
FEED,POWERPS,REG,E0,"",0,0,0,0,12.29,500,,11.17,,18435.0,12.29,12.29,1.12,1500,3,12.29,2025-01-15 15:50:07
FEED,PPL,REG,E0,"",0,0,0,0,190.86,500,,192.73,,1009868471.12,195.0,189.6,-1.87,5255518,4983,193.0,2025-01-15 15:50:07
FEED,PPP,REG,E0,"",0,0,0,0,166.04,2000,,162.85,,4345834.41,167.0,158.6,3.19,26480,101,164.0,2025-01-15 15:50:07
FEED,PPVC,REG,E0,"",0,0,0,0,10.37,100,,10.38,,32665.61,10.89,9.36,-0.01,3156,20,10.89,2025-01-15 15:50:07
FEED,PREMA,REG,E0,"",0,0,0,0,24.53,4899,,25.26,,44371236.91,26.3,24.25,-0.73,1750406,830,25.4,2025-01-15 15:50:07
FEED,PRET,REG,E0,"",0,0,0,0,395.0,40,,399.47,,35550.0,395.0,395.0,-4.47,90,2,395.0,2025-01-15 15:50:07
FEED,PRIB,REG,E1,"",0,0,0,0,4.0,0,,4.0,,0.0,,,,0,0,,2025-01-15 15:50:07
FEED,PRIC,REG,E1,"",0,0,0,0,1.13,0,,1.13,,0.0,,,,0,0,,2025-01-15 15:50:07
FEED,PRL,REG,E0,"",0,0,0,0,43.49,500,,41.5,,2461968486.65,44.65,41.3,1.99,56858715,21087,41.75,2025-01-15 15:50:07
FEED,PRWM,REG,E0,"",0,0,0,0,37.0,0,,37.0,,0.0,,,,0,0,,2025-01-15 15:50:07
FEED,PSEL,REG,E0,"",0,0,0,0,885.16,4,,859.06,,530951.3,909.8,820.0,26.1,599,95,820.0,2025-01-15 15:50:07
FEED,PSMC,REG,PRE,"",0,0,0,0,609,0,,609,,0,,,,0,0,,2025-01-15 09:30:20
FEED,PSO,REG,E0,"",0,0,0,0,400.83,100,,402.75,,1124077152.18,410.0,398.03,-1.92,2774787,6177,405.01,2025-01-15 15:50:07
FEED,PSX,REG,E0,"",0,0,0,0,29.74,49943,,30.43,,102886757.51,31.04,29.6,-0.69,3411506,1868,30.43,2025-01-15 15:50:07
FEED,PSYL,REG,E0,"",0,0,0,0,42.98,500,,40.21,,612080.22,43.0,38.1,2.77,14696,30,38.1,2025-01-15 15:50:07
FEED,PTC,REG,E0,"",0,0,0,0,24.79,4700,,24.44,,263770857.68,25.8,24.25,0.35,10473018,3009,24.6,2025-01-15 15:50:07
FEED,PTL,REG,E0,"",0,0,0,0,44.52,50,,42.64,,8008869.96,45.8,42.52,1.88,178248,300,42.52,2025-01-15 15:50:07
FEED,PUDF,REG,E1,"",0,0,0,0,2.33,0,,2.33,,0.0,,,,0,0,,2025-01-15 15:50:07
FEED,QUET,REG,E0,"",0,0,0,0,18.22,1000,,18.0,,400547.72,18.48,16.64,0.22,22699,49,16.64,2025-01-15 15:50:07
FEED,QUICE,REG,E0,"",0,0,0,0,6.62,30000,,7.05,,61212144.35,7.25,6.59,-0.43,8870973,1813,7.15,2025-01-15 15:50:07
FEED,RCML,REG,E0,"",0,0,0,0,589.23,20,,585.58,,100750.4,615.0,550.02,3.65,172,18,561.0,2025-01-15 15:50:07
FEED,REDCO,REG,E0,"",0,0,0,0,15.83,1248,,15.12,,1474871.69,16.63,14.11,0.71,95830,164,15.3,2025-01-15 15:50:07
FEED,REGAL,REG,E1,"",0,0,0,0,3.8,0,,3.8,,0.0,,,,0,0,,2025-01-15 15:50:07
FEED,REWM,REG,E0,"",0,0,0,0,145.05,25,,143.72,,242078.5,146.89,140.2,1.33,1690,15,143.0,2025-01-15 15:50:07
FEED,RICL,REG,E0,"",0,0,0,0,12.01,10,,12.85,,18020.97,12.78,12.0,-0.84,1501,5,12.0,2025-01-15 15:50:07
FEED,RMPL,REG,E0,"",0,0,0,0,9080.33,1,,9017.39,,272916.09,9298.74,8911.98,62.94,30,18,8911.98,2025-01-15 15:50:07
FEED,RPL,REG,E0,"",0,0,0,0,17.38,10,,17.5,,3807890.71,17.7,17.29,-0.12,218235,159,17.5,2025-01-15 15:50:07
FEED,RUBY,REG,E0,"",0,0,0,0,7.53,25,,7.71,,25791.8,7.89,7.45,-0.18,3427,14,7.89,2025-01-15 15:50:07
FEED,RUPL,REG,E0,"",0,0,0,0,20.63,101,,21.0,,96005.72,21.48,20.5,-0.37,4606,16,21.25,2025-01-15 15:50:07
FEED,SAIF,REG,E0,"",0,0,0,0,13.78,1,,13.57,,7180.79,14.73,13.51,0.21,521,18,13.58,2025-01-15 15:50:07
FEED,SANE,REG,E1,"",0,0,0,0,8.07,0,,8.07,,0.0,,,,0,0,,2025-01-15 15:50:07
FEED,SANSM,REG,E0,"",0,0,0,0,22.73,52,,22.73,,1150.24,22.12,22.12,0.0,52,1,22.12,2025-01-15 15:50:07
FEED,SAPT,REG,E0,"",0,0,0,0,1200.0,109,,1250.0,,254813.39,1249.0,1130.02,-50.0,212,16,1130.02,2025-01-15 15:50:07
FEED,SARC,REG,E0,"",0,0,0,0,32.5,5,,34.0,,179317.93,37.3,30.65,-1.5,5618,14,30.65,2025-01-15 15:50:07
FEED,SASML,REG,E0,"",0,0,0,0,40.0,1,,40.0,,43.99,43.99,43.99,0.0,1,1,43.99,2025-01-15 15:50:07
FEED,SAZEW,REG,E0,"",0,0,0,0,1091.23,295,,1099.13,,175493941.31,1117.0,1086.0,-7.9,159499,1532,1096.01,2025-01-15 15:50:07
FEED,SBL,REG,E0,"",0,0,0,0,9.49,1500,,9.49,,2226660.0,9.5,9.46,0.0,234392,25,9.5,2025-01-15 15:50:07
FEED,SCBPL,REG,E0,"",0,0,0,0,55.47,65,,55.48,,320372.79,56.0,54.1,-0.01,5744,37,55.99,2025-01-15 15:50:07
FEED,SCHT,REG,E1,"",0,0,0,0,0.65,0,,0.65,,0.0,,,,0,0,,2025-01-15 15:50:07
FEED,SCL,REG,E0,"",0,0,0,0,267.18,1,,267.18,,8800.08,278.0,261.01,0.0,32,10,278.0,2025-01-15 15:50:07
FEED,SDOT,REG,E1,"",0,0,0,0,0.85,0,,0.85,,0.0,,,,0,0,,2025-01-15 15:50:08
FEED,SEARL,REG,E0,"",0,0,0,0,102.66,415,,101.27,,929683675.23,106.4,101.5,1.39,8945762,7775,102.0,2025-01-15 15:50:08
FEED,SEL,REG,E0,"",0,0,0,0,12.0,8,,12.0,,95.92,11.99,11.99,0.0,8,1,11.99,2025-01-15 15:50:08
FEED,SEPL,REG,E0,"",0,0,0,0,149.94,88,,148.01,,5186589.43,153.0,147.2,1.93,34510,104,148.0,2025-01-15 15:50:08
FEED,SERT,REG,E0,"",0,0,0,0,15.13,5000,,13.75,,2230906.45,15.13,12.51,1.38,149372,120,14.2,2025-01-15 15:50:08
FEED,SFAT,REG,E1,"",0,0,0,0,1.89,0,,1.89,,0.0,,,,0,0,,2025-01-15 15:50:08
FEED,SFL,REG,E0,"",0,0,0,0,1122.39,0,,1122.39,,0.0,,,,0,0,,2025-01-15 15:50:08
FEED,SGABL,REG,E0,"",0,0,0,0,126.0,0,,126.0,,0.0,,,,0,0,,2025-01-15 15:50:08
FEED,SGF,REG,E0,"",0,0,0,0,93.49,200,,94.08,,9226911.15,95.0,92.5,-0.59,97910,123,95.0,2025-01-15 15:50:08
FEED,SGPL,REG,E0,"",0,0,0,0,8.98,1000,,8.9,,27156.58,9.05,8.9,0.08,3023,7,8.98,2025-01-15 15:50:08
FEED,SHCI,REG,E1,"",0,0,0,0,6.49,0,,6.49,,0.0,,,,0,0,,2025-01-15 15:50:08
FEED,SHCM,REG,E0,"",0,0,0,0,28.93,1,,28.93,,29.98,29.98,29.98,0.0,1,1,29.98,2025-01-15 15:50:08
FEED,SHDT,REG,E0,"",0,0,0,0,20.5,2000,,21.5,,85740.9,21.98,20.5,-1.0,4155,8,21.98,2025-01-15 15:50:08
FEED,SHEL,REG,E0,"",0,0,0,0,208.6,500,,210.52,,17809180.91,215.0,208.0,-1.92,84539,374,212.0,2025-01-15 15:50:08
FEED,SHEZ,REG,E0,"",0,0,0,0,136.06,680,,123.69,,12847885.66,136.06,120.01,12.37,96244,322,120.01,2025-01-15 15:50:08
FEED,SHFA,REG,E0,"",0,0,0,0,399.73,87,,399.68,,67382385.16,403.0,390.05,0.05,168531,263,400.0,2025-01-15 15:50:08
FEED,SHJS,REG,E0,"",0,0,0,0,94.13,0,,94.13,,0.0,,,,0,0,,2025-01-15 15:50:08
FEED,SHNI,REG,E0,"",0,0,0,0,6.93,0,,6.93,,0.0,,,,0,0,,2025-01-15 15:50:08
FEED,SHSML,REG,E0,"",0,0,0,0,425.42,2,,412.18,,1770007.15,453.4,410.0,13.24,4087,63,415.0,2025-01-15 15:50:08
FEED,SIBL,REG,E0,"",0,0,0,0,11.02,730,,11.54,,49378.33,11.92,11.0,-0.52,4418,18,11.55,2025-01-15 15:50:08
FEED,SICL,REG,E1,"",0,0,0,0,44.0,0,,44.0,,0.0,,,,0,0,,2025-01-15 15:50:08
FEED,SIEM,REG,E0,"",0,0,0,0,1511.0,40,,1529.0,,773827.89,1542.0,1511.0,-18.0,509,21,1512.0,2025-01-15 15:50:08
FEED,SILK,REG,E0,"",0,0,0,0,1.02,2500,,1.05,,2918583.29,1.05,1.01,-0.03,2848696,156,1.05,2025-01-15 15:50:08
FEED,SINDM,REG,E0,"",0,0,0,0,9.8,2000,,9.85,,261614.77,10.85,9.76,-0.05,25610,23,9.85,2025-01-15 15:50:08
FEED,SITC,REG,E0,"",0,0,0,0,334.36,10,,335.0,,26080.0,335.0,330.0,-0.64,78,2,335.0,2025-01-15 15:50:08
FEED,SKRS,REG,E0,"",0,0,0,0,12.41,1,,11.29,,2370432.74,12.42,11.29,1.12,201407,100,11.31,2025-01-15 15:50:08
FEED,SLCL,REG,E1,"",0,0,0,0,1.0,0,,1.0,,0.0,,,,0,0,,2025-01-15 15:50:08
FEED,SLCPA,REG,E1,"",0,0,0,0,7.0,0,,7.0,,0.0,,,,0,0,,2025-01-15 15:50:08
FEED,SLGL,REG,E0,"",0,0,0,0,15.12,447,,15.31,,17233943.08,15.4,15.01,-0.19,1135790,634,15.32,2025-01-15 15:50:08
FEED,SLL,REG,E1,"",0,0,0,0,1.7,0,,1.7,,0.0,,,,0,0,,2025-01-15 15:50:08
FEED,SLYT,REG,E0,"",0,0,0,0,12.12,100,,12.4,,10224.14,12.64,11.51,-0.28,859,13,12.64,2025-01-15 15:50:08
FEED,SMBL,REG,PRE,"",0,0,0,0,2.17,0,,2.17,,0,,,,0,0,,2025-01-15 09:30:20
FEED,SMCPL,REG,E0,"",0,0,0,0,20.49,147,,20.8,,1224906.52,21.0,20.45,-0.31,59595,78,20.59,2025-01-15 15:50:08
FEED,SML,REG,E0,"",0,0,0,0,30.15,10,,32.78,,117779.76,32.96,30.01,-2.63,3911,10,30.01,2025-01-15 15:50:08
FEED,SNAI,REG,E0,"",0,0,0,0,30.14,10,,33.43,,98623.89,31.75,30.09,-3.29,3273,32,30.1,2025-01-15 15:50:08
FEED,SNBL,REG,E0,"",0,0,0,0,18.13,1900,,18.44,,11158967.08,18.58,18.0,-0.31,608574,197,18.31,2025-01-15 15:50:08
FEED,SNGP,REG,E0,"",0,0,0,0,99.94,500,,101.75,,159099176.2,103.0,99.24,-1.81,1574800,2576,102.1,2025-01-15 15:50:08
FEED,SPEL,REG,E0,"",0,0,0,0,46.01,100,,44.5,,383832421.93,48.0,44.75,1.51,8265452,4992,45.9,2025-01-15 15:50:08
FEED,SPL,REG,E0,"",0,0,0,0,13.4,3997,,13.26,,124456.15,13.48,13.11,0.14,9330,23,13.31,2025-01-15 15:50:08
FEED,SPLC,REG,E1,"",0,0,0,0,0.9,0,,0.9,,0.0,,,,0,0,,2025-01-15 15:50:08
FEED,SPWL,REG,E0,"",0,0,0,0,13.7,1,,13.73,,1805711.66,14.0,13.6,-0.03,131050,243,13.7,2025-01-15 15:50:08
FEED,SRVI,REG,E0,"",0,0,0,0,1437.44,44,,1549.0,,15250761.85,1574.0,1401.5,-111.56,10438,266,1520.0,2025-01-15 15:50:08
FEED,SSGC,REG,E0,"",0,0,0,0,42.74,82,,43.87,,543490919.01,44.64,42.55,-1.13,12521256,7427,43.87,2025-01-15 15:50:08
FEED,SSIC,REG,E1,"",0,0,0,0,6.34,0,,6.34,,0.0,,,,0,0,,2025-01-15 15:50:08
FEED,SSML,REG,E0,"",0,0,0,0,8.84,1000,,8.81,,255078.88,9.05,8.8,0.03,28715,5,8.9,2025-01-15 15:50:08
FEED,SSOM,REG,E0,"",0,0,0,0,75.0,50,,75.0,,8542.45,77.55,76.8,0.0,111,4,77.55,2025-01-15 15:50:08
FEED,STCL,REG,E0,"",0,0,0,0,15.5,400,,15.53,,3273933.43,16.05,15.5,-0.03,205918,80,15.58,2025-01-15 15:50:08
FEED,STJT,REG,E0,"",0,0,0,0,71.0,0,,71.0,,0.0,,,,0,0,,2025-01-15 15:50:08
FEED,STML,REG,E0,"",0,0,0,0,25.83,100,,25.83,,2600.0,26.0,26.0,0.0,100,1,26.0,2025-01-15 15:50:08
FEED,STPL,REG,E0,"",0,0,0,0,5.97,10000,,5.99,,4262349.24,6.1,5.92,-0.02,709524,201,6.09,2025-01-15 15:50:08
FEED,STYLERS,REG,E0,"",0,0,0,0,39.55,5,,39.55,,199.5,,,,5,1,,2025-01-15 15:50:08
FEED,STYLERSR,REG,PRE,"",0,0,0,0,1.72,0,,1.72,,0,,,,0,0,,2025-01-15 09:30:48
FEED,SUHJ,REG,E0,"",0,0,0,0,125.71,8,,125.44,,586277.69,130.0,115.05,0.27,4587,36,129.9,2025-01-15 15:50:08
FEED,SURAJ,REG,E1,"",0,0,0,0,10.0,0,,10.0,,0.0,,,,0,0,,2025-01-15 15:50:08
FEED,SURC,REG,E0,"",0,0,0,0,131.94,5,,131.94,,674.25,,,,5,1,,2025-01-15 15:50:08
FEED,SUTM,REG,E0,"",0,0,0,0,85.11,17,,85.11,,1920.25,87.4,87.25,0.0,22,2,87.4,2025-01-15 15:50:08
FEED,SYM,REG,E0,"",0,0,0,0,18.4,150,,18.76,,63747064.17,18.9,18.3,-0.36,3429582,2183,18.87,2025-01-15 15:50:08
FEED,SYS,REG,E0,"",0,0,0,0,568.3,21,,575.48,,125805477.86,582.0,566.0,-7.18,219806,865,580.0,2025-01-15 15:50:08
FEED,SZTM,REG,E0,"",0,0,0,0,29.87,0,,29.87,,0.0,,,,0,0,,2025-01-15 15:50:09
FEED,TAJT,REG,E1,"",0,0,0,0,0.41,0,,0.41,,0.0,,,,0,0,,2025-01-15 15:50:09
FEED,TATM,REG,E0,"",0,0,0,0,49.9,500,,47.0,,257604.64,50.25,47.5,2.9,5194,22,48.84,2025-01-15 15:50:09
FEED,TBL,REG,E0,"",0,0,0,0,15.3,500,,15.34,,15165166.01,15.57,15.2,-0.04,984128,495,15.49,2025-01-15 15:50:09
FEED,TCORP,REG,E0,"",0,0,0,0,13.5,2374,,14.0,,608124.28,14.25,13.5,-0.5,43475,23,14.25,2025-01-15 15:50:09
FEED,TCORPCPS,REG,E0,"",0,0,0,0,7.88,0,,7.88,,0.0,,,,0,0,,2025-01-15 15:50:09
FEED,TCORPR1,REG,PRE,"",0,0,0,0,0.79,0,,0.79,,0,,,,0,0,,2025-01-15 09:30:18
FEED,TELE,REG,E0,"",0,0,0,0,9.26,10000,,9.54,,101603579.79,9.66,9.21,-0.28,10794567,3864,9.6,2025-01-15 15:50:09
FEED,TGL,REG,E0,"",0,0,0,0,145.32,15,,147.81,,3355771.86,148.98,145.0,-2.49,22916,110,146.01,2025-01-15 15:50:09
FEED,THALL,REG,E0,"",0,0,0,0,422.97,35,,411.02,,70537474.31,442.0,420.0,11.95,164158,508,425.0,2025-01-15 15:50:09
FEED,THCCL,REG,E0,"",0,0,0,0,217.01,10,,207.99,,298552837.03,222.65,209.01,9.02,1373511,3560,209.99,2025-01-15 15:50:09
FEED,TICL,REG,E0,"",0,0,0,0,296.38,838,,300.91,,871467.2,309.89,285.01,-4.53,2940,12,300.0,2025-01-15 15:50:09
FEED,TOMCL,REG,E0,"",0,0,0,0,34.8,7000,,35.1,,12760089.27,35.4,34.61,-0.3,365236,524,35.34,2025-01-15 15:50:09
FEED,TOWL,REG,E0,"",0,0,0,0,151.5,100,,147.41,,4134039.85,153.0,147.89,4.09,27444,113,147.9,2025-01-15 15:50:09
FEED,TPL,REG,E0,"",0,0,0,0,5.74,50,,5.81,,7887374.7,5.89,5.7,-0.07,1359047,282,5.89,2025-01-15 15:50:09
FEED,TPLI,REG,E0,"",0,0,0,0,10.2,1,,10.31,,24819.88,10.44,10.16,-0.11,2435,4,10.16,2025-01-15 15:50:09
FEED,TPLL,REG,E0,"",0,0,0,0,56.5,0,,56.5,,0.0,,,,0,0,,2025-01-15 15:50:09
FEED,TPLP,REG,E0,"",0,0,0,0,13.15,100,,13.08,,71979218.55,13.44,13.02,0.07,5443979,2356,13.12,2025-01-15 15:50:09
FEED,TPLRF1,REG,E0,"",0,0,0,0,14.61,1,,14.61,,4514.98,15.0,14.99,0.0,301,3,14.99,2025-01-15 15:50:09
FEED,TPLT,REG,E0,"",0,0,0,0,9.4,2000,,9.35,,76639.2,9.4,9.35,0.05,8318,8,9.35,2025-01-15 15:50:09
FEED,TREET,REG,E0,"",0,0,0,0,23.47,465,,23.56,,167061243.3,24.4,23.35,-0.09,6970426,3654,23.65,2025-01-15 15:50:09
FEED,TRG,REG,E0,"",0,0,0,0,68.78,1000,,66.19,,2069854625.7,71.9,67.01,2.59,29668408,17121,67.25,2025-01-15 15:50:09
FEED,TRIBL,REG,E1,"",0,0,0,0,0.97,0,,0.97,,0.0,,,,0,0,,2025-01-15 15:50:09
FEED,TRIPF,REG,E0,"",0,0,0,0,140.0,1976,,145.0,,308373.84,146.48,140.0,-5.0,2202,8,141.01,2025-01-15 15:50:09
FEED,TRSM,REG,E0,"",0,0,0,0,3.76,1784,,3.84,,454757.89,3.84,3.7,-0.08,121504,74,3.84,2025-01-15 15:50:09
FEED,TSBL,REG,E0,"",0,0,0,0,12.65,0,,12.65,,0.0,,,,0,0,,2025-01-15 15:50:09
FEED,TSMF,REG,E0,"",0,0,0,0,7.94,1169,,7.5,,80537.8,8.0,7.8,0.44,10218,19,7.8,2025-01-15 15:50:09
FEED,TSML,REG,E0,"",0,0,0,0,68.02,20,,68.02,,1401.4,70.07,70.07,0.0,20,1,70.07,2025-01-15 15:50:09
FEED,TSPL,REG,E0,"",0,0,0,0,6.09,708,,6.15,,478111.3,6.34,6.0,-0.06,78241,45,6.05,2025-01-15 15:50:09
FEED,UBDL,REG,E0,"",0,0,0,0,22.27,100000,,23.08,,2353433.87,24.89,21.03,-0.81,105571,46,23.93,2025-01-15 15:50:09
FEED,UBL,REG,E0,"",0,0,0,0,385.08,10,,388.29,,180699946.27,390.0,382.01,-3.21,467871,867,390.0,2025-01-15 15:50:09
FEED,UBLPETF,REG,E0,"",0,0,0,0,23.97,500,,23.94,,107705.0,23.97,23.9,0.03,4500,5,23.94,2025-01-15 15:50:09
FEED,UCAPM,REG,E0,"",0,0,0,0,3.08,200,,3.08,,3568.24,3.07,2.9,0.0,1213,7,2.9,2025-01-15 15:50:09
FEED,UDLI,REG,E0,"",0,0,0,0,8.39,22,,7.7,,99598.11,8.4,7.99,0.69,12088,12,7.99,2025-01-15 15:50:09
FEED,UDPL,REG,E0,"",0,0,0,0,54.42,10,,54.42,,979.57,57.88,53.5,0.0,18,5,57.88,2025-01-15 15:50:09
FEED,UNIC,REG,E0,"",0,0,0,0,16.1,500,,16.0,,314792.8,16.48,16.0,0.1,19633,11,16.0,2025-01-15 15:50:09
FEED,UNITY,REG,E0,"",0,0,0,0,33.01,1000,,32.67,,58474191.98,33.62,32.75,0.34,1756221,617,33.0,2025-01-15 15:50:09
FEED,UPFL,REG,E0,"",0,0,0,0,21465.0,2,,21450.0,,1799726.58,21500.0,21020.13,15.0,85,36,21021.05,2025-01-15 15:50:09
FEED,USMT,REG,E1,"",0,0,0,0,0.51,0,,0.51,,0.0,,,,0,0,,2025-01-15 15:50:09
FEED,UVIC,REG,E0,"",0,0,0,0,9.71,18,,10.79,,1052992.75,11.1,9.71,-1.08,107496,164,11.1,2025-01-15 15:50:09
FEED,WAHN,REG,E0,"",0,0,0,0,232.94,153,,226.02,,668801.14,234.8,228.64,6.92,2903,54,229.5,2025-01-15 15:50:09
FEED,WAVES,REG,E0,"",0,0,0,0,8.17,1,,8.18,,6934881.4,8.3,8.1,-0.01,842240,586,8.2,2025-01-15 15:50:09
FEED,WAVESAPP,REG,E0,"",0,0,0,0,10.42,4750,,10.53,,19475408.68,10.75,10.35,-0.11,1846174,498,10.55,2025-01-15 15:50:09
FEED,WTL,REG,E0,"",0,0,0,0,1.8,100,,1.78,,124139361.76,1.85,1.75,0.02,68666714,2486,1.75,2025-01-15 15:50:09
FEED,YOUW,REG,E0,"",0,0,0,0,4.0,532,,4.04,,2242530.14,4.09,3.99,-0.04,557859,239,4.02,2025-01-15 15:50:09
FEED,ZAHID,REG,E0,"",0,0,0,0,30.21,111,,28.0,,93981.1,30.25,25.21,2.21,3140,11,29.5,2025-01-15 15:50:09
FEED,ZELP,REG,E1,"",0,0,0,0,0.44,0,,0.44,,0.0,,,,0,0,,2025-01-15 15:50:09
FEED,ZHCM,REG,E1,"",0,0,0,0,0.06,0,,0.06,,0.0,,,,0,0,,2025-01-15 15:50:09
FEED,ZIL,REG,E0,"",0,0,0,0,242.14,5,,255.43,,222160.63,250.0,231.2,-13.29,904,18,250.0,2025-01-15 15:50:09
FEED,ZTL,REG,E0,"",0,0,0,0,11.01,71,,11.01,,781.02,11.01,11.0,0.0,71,2,11.01,2025-01-15 15:50:09
